/******************************************************************CATEGORIES**************************************************************/
INSERT INTO `category` (_id,Name,Father_ID,Shown_Name,Hide) VALUES (5,'Biggest World Cathedrals',1,'EARTH/Biggest World Cathedrals/',0);
INSERT INTO `category` (_id,Name,Father_ID,Shown_Name,Hide) VALUES (6,'Catalan Blue Flagged Ports',1,'EARTH/Catalan Blue Flagged Ports/',0);
INSERT INTO `category` (_id,Name,Father_ID,Shown_Name,Hide) VALUES (7,'Monuments Of Lleida',1,'EARTH/Monuments Of Lleida/',0);
INSERT INTO `category` (_id,Name,Father_ID,Shown_Name,Hide) VALUES (8,'Monuments Of Spain',1,'EARTH/Monuments Of Spain/',0);
INSERT INTO `category` (_id,Name,Father_ID,Shown_Name,Hide) VALUES (9,'Presidential Buildings',1,'EARTH/Presidential Buildings/',0);
INSERT INTO `category` (_id,Name,Father_ID,Shown_Name,Hide) VALUES (10,'Route66 Cities',1,'EARTH/Route66 Cities/',0);
INSERT INTO `category` (_id,Name,Father_ID,Shown_Name,Hide) VALUES (11,'Soccer Stadiums',1,'EARTH/Soccer Stadiums/',0);
INSERT INTO `category` (_id,Name,Father_ID,Shown_Name,Hide) VALUES (12,'Spanish Hostels',1,'EARTH/Spanish Hostels/',0);
INSERT INTO `category` (_id,Name,Father_ID,Shown_Name,Hide) VALUES (13,'World Airports',1,'EARTH/World Airports/',0);
INSERT INTO `category` (_id,Name,Father_ID,Shown_Name,Hide) VALUES (14,'World Bridges',1,'EARTH/World Bridges/',0);
INSERT INTO `category` (_id,Name,Father_ID,Shown_Name,Hide) VALUES (15,'World Monuments',4,'PW IMPORTED/World Monuments/',0);
INSERT INTO `category` (_id,Name,Father_ID,Shown_Name,Hide) VALUES (17,'Apollo Missions',2,'MOON/Apollo Missions/',0);

/******************************************************************TOURS**************************************************************/
INSERT INTO `tour` (_id,Name,Category,Hide,Interval_of_time) VALUES (1,'Biggest Cathedrals',1,0,15);
INSERT INTO `tour` (_id,Name,Category,Hide,Interval_of_time) VALUES (2,'Catalonia Blue Flagged Ports',1,0,10);
INSERT INTO `tour` (_id,Name,Category,Hide,Interval_of_time) VALUES (3,'Monuments of Lleida',1,0,15);
INSERT INTO `tour` (_id,Name,Category,Hide,Interval_of_time) VALUES (5,'Monuments of Spain',1,0,15);
INSERT INTO `tour` (_id,Name,Category,Hide,Interval_of_time) VALUES (9,'Presidencial Buildings',1,0,15);
INSERT INTO `tour` (_id,Name,Category,Hide,Interval_of_time) VALUES (10,'Route66 Buildings',1,0,15);
INSERT INTO `tour` (_id,Name,Category,Hide,Interval_of_time) VALUES (11,'Soccer Stadiums',1,0,15);
INSERT INTO `tour` (_id,Name,Category,Hide,Interval_of_time) VALUES (13,'Spanish Hostels',1,0,15);
INSERT INTO `tour` (_id,Name,Category,Hide,Interval_of_time) VALUES (14,'World Airports',1,0,15);
INSERT INTO `tour` (_id,Name,Category,Hide,Interval_of_time) VALUES (15,'World Bridges',1,0,15);

/******************************************************************POIS**************************************************************/
INSERT INTO `poi` (_id,Name,Visited_Place,Longitude,Latitude,Altitude,Heading,Tilt,Range,Altitude_Mode,Hide,Category) VALUES (27,'Opportunity Overview','Opportunity Overview',-5.50206800083619,-2.00562300043364,0.0,2.92673754270058e-11,0.0,8640.00388941494,'relativeToSeaFloor',0,3);
INSERT INTO `poi` (_id,Name,Visited_Place,Longitude,Latitude,Altitude,Heading,Tilt,Range,Altitude_Mode,Hide,Category) VALUES (28,'Victoria Crater','Victoria Crater',-5.50048952500547,-2.05014987566398,0.0,97.8010780977123,60.0713168143296,193.463695105475,'relativeToSeaFloor',0,3);
INSERT INTO `poi` (_id,Name,Visited_Place,Longitude,Latitude,Altitude,Heading,Tilt,Range,Altitude_Mode,Hide,Category) VALUES (29,'Opportunity Rover','Opportunity Rover',-5.5118416227515,-2.08900719552146,0.0,6.84999737410031,62.6662334376403,10.6287259656135,'relativeToSeaFloor',0,3);
INSERT INTO `poi` (_id,Name,Visited_Place,Longitude,Latitude,Altitude,Heading,Tilt,Range,Altitude_Mode,Hide,Category) VALUES (30,'Spirit Overview','Spirit Overview',175.502099999762,-14.5870899992454,0.0,6.00305543983252e-11,0.0,3431.00000491995,'relativeToSeaFloor',0,3);
INSERT INTO `poi` (_id,Name,Visited_Place,Longitude,Latitude,Altitude,Heading,Tilt,Range,Altitude_Mode,Hide,Category) VALUES (31,'Spirit Rover','Spirit Rover',175.527001844254,-14.6023759659576,0.0,-88.6680830999942,74.7590032428508,5.88206207009889,'relativeToSeaFloor',0,3);
INSERT INTO `poi` (_id,Name,Visited_Place,Longitude,Latitude,Altitude,Heading,Tilt,Range,Altitude_Mode,Hide,Category) VALUES (32,'Phoenix Descent Image','Phoenix Descent Image',-125.465686443626,68.2340279141508,0.0,73.8819381737782,65.6538075891246,49234.0013558153,'relativeToSeaFloor',0,3);
INSERT INTO `poi` (_id,Name,Visited_Place,Longitude,Latitude,Altitude,Heading,Tilt,Range,Altitude_Mode,Hide,Category) VALUES (33,'Phoenix Lander','Phoenix Lander',-125.748317147801,68.2185409828627,0.0,160.592804890271,72.4826505590589,25.3409534491582,'relativeToSeaFloor',0,3);
INSERT INTO `poi` (_id,Name,Visited_Place,Longitude,Latitude,Altitude,Heading,Tilt,Range,Altitude_Mode,Hide,Category) VALUES (34,'Olympus Mons Summit','Olympus Mons Summit',-133.150592498078,18.4249795040141,0.0,-158.457213722814,50.528691763471,63273.0933895515,'relativeToSeaFloor',0,3);
INSERT INTO `poi` (_id,Name,Visited_Place,Longitude,Latitude,Altitude,Heading,Tilt,Range,Altitude_Mode,Hide,Category) VALUES (35,'White Rock','White Rock',25.0101959855243,-7.98594718641182,0.0,0.0212903052011974,0.0,29867.5636363809,'relativeToSeaFloor',0,3);
INSERT INTO `poi` (_id,Name,Visited_Place,Longitude,Latitude,Altitude,Heading,Tilt,Range,Altitude_Mode,Hide,Category) VALUES (36,'Valles Marineris Bluffs','Valles Marineris Bluffs',-62.8923053737757,-10.7936221070835,0.0,-22.1357937820336,40.5129940667518,515417.648292772,'relativeToSeaFloor',0,3);
INSERT INTO `poi` (_id,Name,Visited_Place,Longitude,Latitude,Altitude,Heading,Tilt,Range,Altitude_Mode,Hide,Category) VALUES (37,'Cydonia Mensae (Face on Mars)','Cydonia Mensae (Face on Mars)',-9.46228381692826,40.7490414919995,0.0,-31.2127021349508,0.0,4988.50353854744,'relativeToSeaFloor',0,3);
INSERT INTO `poi` (_id,Name,Visited_Place,Longitude,Latitude,Altitude,Heading,Tilt,Range,Altitude_Mode,Hide,Category) VALUES (38,'Dark Slope Streaks','Dark Slope Streaks',-136.236741372312,23.2100297459324,0.0,141.549473943694,73.6488926437397,5367.37021213208,'relativeToSeaFloor',0,3);
INSERT INTO `poi` (_id,Name,Visited_Place,Longitude,Latitude,Altitude,Heading,Tilt,Range,Altitude_Mode,Hide,Category) VALUES (39,'Aram Chaos','Aram Chaos',-21.3314842902579,1.72028406969428,0.0,156.413018545488,57.212810457296,47653.5752448832,'relativeToSeaFloor',0,3);
INSERT INTO `poi` (_id,Name,Visited_Place,Longitude,Latitude,Altitude,Heading,Tilt,Range,Altitude_Mode,Hide,Category) VALUES (40,'Melas Chasma Dune Field','Melas Chasma Dune Field',-69.7684144573611,-10.0331040138,0.0,34.1677270804614,52.9862723856475,38905.0820764801,'relativeToSeaFloor',0,3);
INSERT INTO `poi` (_id,Name,Visited_Place,Longitude,Latitude,Altitude,Heading,Tilt,Range,Altitude_Mode,Hide,Category) VALUES (41,'Ascraeus Chasmata','Ascraeus Chasmata',-105.591114931977,8.48305286142432,0.0,23.8657442398877,22.9785521040071,145860.455075996,'relativeToSeaFloor',0,3);
INSERT INTO `poi` (_id,Name,Visited_Place,Longitude,Latitude,Altitude,Heading,Tilt,Range,Altitude_Mode,Hide,Category) VALUES (42,'Proctor Crater Dune Field','Proctor Crater Dune Field',30.6346699205628,-47.1463457863598,0.0,-148.65243622787,58.1144046374339,14865.3812822401,'relativeToSeaFloor',0,3);
INSERT INTO `poi` (_id,Name,Visited_Place,Longitude,Latitude,Altitude,Heading,Tilt,Range,Altitude_Mode,Hide,Category) VALUES (43,'Faults in Candor Chasma','Faults in Candor Chasma',-76.7737235162009,-6.45321146458648,0.0,-16.3730562218358,76.1897131212697,2095.08456595093,'relativeToSeaFloor',0,3);
INSERT INTO `poi` (_id,Name,Visited_Place,Longitude,Latitude,Altitude,Heading,Tilt,Range,Altitude_Mode,Hide,Category) VALUES (44,'Mawrth Vallis','Mawrth Vallis',-20.9912844899652,25.3588619134684,0.0,84.1494023585753,52.7072236718126,4625.81956069198,'relativeToSeaFloor',0,3);
INSERT INTO `poi` (_id,Name,Visited_Place,Longitude,Latitude,Altitude,Heading,Tilt,Range,Altitude_Mode,Hide,Category) VALUES (45,'Vallis Marineris','Vallis Marineris',-63.985006424451,-12.441788193169,0.0,103.453679986135,75.6036711591398,38816.3472079732,'relativeToSeaFloor',0,3);
INSERT INTO `poi` (_id,Name,Visited_Place,Longitude,Latitude,Altitude,Heading,Tilt,Range,Altitude_Mode,Hide,Category) VALUES (59,'Vatican','Vatican',12.4533890001146,41.9029159994951,0.0,79.0,62.0,500.0,'relativeToSeaFloor',0,5);
INSERT INTO `poi` (_id,Name,Visited_Place,Longitude,Latitude,Altitude,Heading,Tilt,Range,Altitude_Mode,Hide,Category) VALUES (60,'Basílica de Nuestra Señora Aparecida','Basílica de Nuestra Señora Aparecida',-45.233679999877,-22.849453000063,0.0,79.0,62.0,500.0,'relativeToSeaFloor',0,5);
INSERT INTO `poi` (_id,Name,Visited_Place,Longitude,Latitude,Altitude,Heading,Tilt,Range,Altitude_Mode,Hide,Category) VALUES (61,'Cathedral of Sevilla','Cathedral of Sevilla',-5.99310651111309,37.3858254300803,0.0,79.0,62.0,500.0,'relativeToSeaFloor',0,5);
INSERT INTO `poi` (_id,Name,Visited_Place,Longitude,Latitude,Altitude,Heading,Tilt,Range,Altitude_Mode,Hide,Category) VALUES (62,'St John''s','St John''s',-73.9618750005246,40.8038359992782,0.0,79.0,62.0,500.0,'relativeToSeaFloor',0,5);
INSERT INTO `poi` (_id,Name,Visited_Place,Longitude,Latitude,Altitude,Heading,Tilt,Range,Altitude_Mode,Hide,Category) VALUES (63,'Cathedral of Milano','Cathedral of Milano',9.19192599921015,45.4640980002478,0.0,79.0,62.0,500.0,'relativeToSeaFloor',0,5);
INSERT INTO `poi` (_id,Name,Visited_Place,Longitude,Latitude,Altitude,Heading,Tilt,Range,Altitude_Mode,Hide,Category) VALUES (64,'Lichen St.Mary','Lichen St.Mary',18.356402999794,52.3220730001219,0.0,79.0,62.0,500.0,'relativeToSeaFloor',0,5);
INSERT INTO `poi` (_id,Name,Visited_Place,Longitude,Latitude,Altitude,Heading,Tilt,Range,Altitude_Mode,Hide,Category) VALUES (65,'Cathedral of Liverpool','Cathedral of Liverpool',-2.97330410121377,53.3974555465117,0.0,79.0,62.0,500.0,'relativeToSeaFloor',0,5);
INSERT INTO `poi` (_id,Name,Visited_Place,Longitude,Latitude,Altitude,Heading,Tilt,Range,Altitude_Mode,Hide,Category) VALUES (66,'Iglesia de la Santísima Trinidad','Iglesia de la Santísima Trinidad',-8.67315700011432,39.6312640001323,0.0,79.0,62.0,500.0,'relativeToSeaFloor',0,5);
INSERT INTO `poi` (_id,Name,Visited_Place,Longitude,Latitude,Altitude,Heading,Tilt,Range,Altitude_Mode,Hide,Category) VALUES (67,'Basílica del Pilar','Basílica del Pilar',-0.87851899982893,41.6567709997999,0.0,79.0,62.0,500.0,'relativeToSeaFloor',0,5);
INSERT INTO `poi` (_id,Name,Visited_Place,Longitude,Latitude,Altitude,Heading,Tilt,Range,Altitude_Mode,Hide,Category) VALUES (68,'Catedral de San Sava','Catedral de San Sava',20.4691319999873,48.3985229995815,0.0,79.0,62.0,500.0,'relativeToSeaFloor',0,5);
INSERT INTO `poi` (_id,Name,Visited_Place,Longitude,Latitude,Altitude,Heading,Tilt,Range,Altitude_Mode,Hide,Category) VALUES (69,'Cathedral of Ulm','Cathedral of Ulm',9.99255500027766,-34.6082117072079,0.0,79.0,62.0,500.0,'relativeToSeaFloor',0,5);
INSERT INTO `poi` (_id,Name,Visited_Place,Longitude,Latitude,Altitude,Heading,Tilt,Range,Altitude_Mode,Hide,Category) VALUES (70,'Cathedral of Lincoln','Cathedral of Lincoln',-0.536016000175558,53.2342969999768,0.0,79.0,62.0,500.0,'relativeToSeaFloor',0,5);
INSERT INTO `poi` (_id,Name,Visited_Place,Longitude,Latitude,Altitude,Heading,Tilt,Range,Altitude_Mode,Hide,Category) VALUES (71,'Basílica de Nuestra Señora de la Paz','Basílica de Nuestra Señora de la Paz',-5.29845699974761,6.80921699993243,0.0,79.0,62.0,500.0,'relativeToSeaFloor',0,5);
INSERT INTO `poi` (_id,Name,Visited_Place,Longitude,Latitude,Altitude,Heading,Tilt,Range,Altitude_Mode,Hide,Category) VALUES (72,'Basílica de Sant Pedro','Basílica de Sant Pedro',12.4539370002503,41.9021670004166,0.0,79.0,62.0,500.0,'relativeToSeaFloor',0,5);
INSERT INTO `poi` (_id,Name,Visited_Place,Longitude,Latitude,Altitude,Heading,Tilt,Range,Altitude_Mode,Hide,Category) VALUES (73,'Sacred Hearth','Sacred Hearth',2.34310399986504,48.8867049999537,0.0,79.0,62.0,500.0,'relativeToSeaFloor',0,5);
INSERT INTO `poi` (_id,Name,Visited_Place,Longitude,Latitude,Altitude,Heading,Tilt,Range,Altitude_Mode,Hide,Category) VALUES (74,'Westminster','Westminster',-0.127310001926831,51.4992920011753,0.0,79.0,62.0,500.0,'relativeToSeaFloor',0,5);
INSERT INTO `poi` (_id,Name,Visited_Place,Longitude,Latitude,Altitude,Heading,Tilt,Range,Altitude_Mode,Hide,Category) VALUES (75,'Santo Sepulcro','Santo Sepulcro',0.127309999954389,51.4992920000672,0.0,79.0,62.0,500.0,'relativeToSeaFloor',0,5);
INSERT INTO `poi` (_id,Name,Visited_Place,Longitude,Latitude,Altitude,Heading,Tilt,Range,Altitude_Mode,Hide,Category) VALUES (76,'Cathedral of Colonia','Cathedral of Colonia',6.95827533273892,50.941278448412,0.0,79.0,62.0,500.0,'relativeToSeaFloor',0,5);
INSERT INTO `poi` (_id,Name,Visited_Place,Longitude,Latitude,Altitude,Heading,Tilt,Range,Altitude_Mode,Hide,Category) VALUES (77,'Nativity Church','Nativity Church',35.2064411783656,31.7058926870183,0.0,79.0,62.0,500.0,'relativeToSeaFloor',0,5);
INSERT INTO `poi` (_id,Name,Visited_Place,Longitude,Latitude,Altitude,Heading,Tilt,Range,Altitude_Mode,Hide,Category) VALUES (78,'Santuario de las Lajas','Santuario de las Lajas',-77.5859979999301,0.805334000017046,0.0,79.0,62.0,500.0,'relativeToSeaFloor',0,5);
INSERT INTO `poi` (_id,Name,Visited_Place,Longitude,Latitude,Altitude,Heading,Tilt,Range,Altitude_Mode,Hide,Category) VALUES (79,'Cathedral of Brasilia','Cathedral of Brasilia',-47.8755390001693,-15.7983419998487,0.0,79.0,62.0,500.0,'relativeToSeaFloor',0,5);
INSERT INTO `poi` (_id,Name,Visited_Place,Longitude,Latitude,Altitude,Heading,Tilt,Range,Altitude_Mode,Hide,Category) VALUES (80,'Notre Dame','Notre Dame',2.34990199979737,48.8529680000062,0.0,79.0,62.0,500.0,'relativeToSeaFloor',0,5);
INSERT INTO `poi` (_id,Name,Visited_Place,Longitude,Latitude,Altitude,Heading,Tilt,Range,Altitude_Mode,Hide,Category) VALUES (81,'C.N. Llançà','C.N. Llançà',3.16260638205768,42.3721993851906,0.0,79.0,62.0,500.0,'relativeToSeaFloor',0,6);
INSERT INTO `poi` (_id,Name,Visited_Place,Longitude,Latitude,Altitude,Heading,Tilt,Range,Altitude_Mode,Hide,Category) VALUES (82,'C.N. Port de la Selva','C.N. Port de la Selva',3.2021316343696,42.3412648467282,0.0,79.0,62.0,500.0,'relativeToSeaFloor',0,6);
INSERT INTO `poi` (_id,Name,Visited_Place,Longitude,Latitude,Altitude,Heading,Tilt,Range,Altitude_Mode,Hide,Category) VALUES (83,'Port esportiu de Roses','Port esportiu de Roses',3.17970422602428,42.256910836076,0.0,79.0,62.0,500.0,'relativeToSeaFloor',0,6);
INSERT INTO `poi` (_id,Name,Visited_Place,Longitude,Latitude,Altitude,Heading,Tilt,Range,Altitude_Mode,Hide,Category) VALUES (84,'C.N. L''Escala','C.N. L''Escala',3.14680206900554,42.1175070307619,0.0,79.0,62.0,500.0,'relativeToSeaFloor',0,6);
INSERT INTO `poi` (_id,Name,Visited_Place,Longitude,Latitude,Altitude,Heading,Tilt,Range,Altitude_Mode,Hide,Category) VALUES (85,'C.N. L''Estartit','C.N. L''Estartit',3.20430358264125,42.0531374390312,0.0,79.0,62.0,500.0,'relativeToSeaFloor',0,6);
INSERT INTO `poi` (_id,Name,Visited_Place,Longitude,Latitude,Altitude,Heading,Tilt,Range,Altitude_Mode,Hide,Category) VALUES (86,'Marina de Palamós','Marina de Palamós',3.13440616025915,41.846105483138,0.0,79.0,62.0,500.0,'relativeToSeaFloor',0,6);
INSERT INTO `poi` (_id,Name,Visited_Place,Longitude,Latitude,Altitude,Heading,Tilt,Range,Altitude_Mode,Hide,Category) VALUES (87,'C.N. Port d''Aro','C.N. Port d''Aro',3.06192511742012,41.8022303061263,0.0,79.0,62.0,500.0,'relativeToSeaFloor',0,6);
INSERT INTO `poi` (_id,Name,Visited_Place,Longitude,Latitude,Altitude,Heading,Tilt,Range,Altitude_Mode,Hide,Category) VALUES (88,'Club de Vela Blanes','Club de Vela Blanes',2.79683365517556,41.6744928140011,0.0,79.0,62.0,500.0,'relativeToSeaFloor',0,6);
INSERT INTO `poi` (_id,Name,Visited_Place,Longitude,Latitude,Altitude,Heading,Tilt,Range,Altitude_Mode,Hide,Category) VALUES (89,'C.N. El Balís','C.N. El Balís',2.50627117722726,41.5582488416588,0.0,79.0,62.0,500.0,'relativeToSeaFloor',0,6);
INSERT INTO `poi` (_id,Name,Visited_Place,Longitude,Latitude,Altitude,Heading,Tilt,Range,Altitude_Mode,Hide,Category) VALUES (90,'Consorci Port de Mataró','Consorci Port de Mataró',2.44527712686848,41.529945794838,0.0,79.0,62.0,500.0,'relativeToSeaFloor',0,6);
INSERT INTO `poi` (_id,Name,Visited_Place,Longitude,Latitude,Altitude,Heading,Tilt,Range,Altitude_Mode,Hide,Category) VALUES (91,'Port Olímpic','Port Olímpic',2.20041990410054,41.3868928316709,0.0,79.0,62.0,500.0,'relativeToSeaFloor',0,6);
INSERT INTO `poi` (_id,Name,Visited_Place,Longitude,Latitude,Altitude,Heading,Tilt,Range,Altitude_Mode,Hide,Category) VALUES (92,'Marina Port Vell','Marina Port Vell',2.18609708868253,41.3786323788815,0.0,79.0,62.0,500.0,'relativeToSeaFloor',0,6);
INSERT INTO `poi` (_id,Name,Visited_Place,Longitude,Latitude,Altitude,Heading,Tilt,Range,Altitude_Mode,Hide,Category) VALUES (93,'Port Ginesta','Port Ginesta',1.92496626280908,41.2593750217904,0.0,79.0,62.0,500.0,'relativeToSeaFloor',0,6);
INSERT INTO `poi` (_id,Name,Visited_Place,Longitude,Latitude,Altitude,Heading,Tilt,Range,Altitude_Mode,Hide,Category) VALUES (94,'C.N. Garraf','C.N. Garraf',1.89979786136209,41.2509093896175,0.0,79.0,62.0,500.0,'relativeToSeaFloor',0,6);
INSERT INTO `poi` (_id,Name,Visited_Place,Longitude,Latitude,Altitude,Heading,Tilt,Range,Altitude_Mode,Hide,Category) VALUES (95,'Port d’Aiguadolç','Port d’Aiguadolç',1.8250257234926,41.2341939319912,0.0,79.0,62.0,500.0,'relativeToSeaFloor',0,6);
INSERT INTO `poi` (_id,Name,Visited_Place,Longitude,Latitude,Altitude,Heading,Tilt,Range,Altitude_Mode,Hide,Category) VALUES (96,'C.N. Vilanova','C.N. Vilanova',1.72909885570036,41.2138402102249,0.0,79.0,62.0,500.0,'relativeToSeaFloor',0,6);
INSERT INTO `poi` (_id,Name,Visited_Place,Longitude,Latitude,Altitude,Heading,Tilt,Range,Altitude_Mode,Hide,Category) VALUES (97,'Port de Segur de Calafell','Port de Segur de Calafell',1.60677272919664,41.1873340976235,0.0,79.0,62.0,500.0,'relativeToSeaFloor',0,6);
INSERT INTO `poi` (_id,Name,Visited_Place,Longitude,Latitude,Altitude,Heading,Tilt,Range,Altitude_Mode,Hide,Category) VALUES (98,'Port de Torredembarra','Port de Torredembarra',1.40240915857215,41.1355209822898,0.0,79.0,62.0,500.0,'relativeToSeaFloor',0,6);
INSERT INTO `poi` (_id,Name,Visited_Place,Longitude,Latitude,Altitude,Heading,Tilt,Range,Altitude_Mode,Hide,Category) VALUES (99,'C.N. Tarragona','C.N. Tarragona',1.25184138037779,41.1082190267555,0.0,79.0,62.0,500.0,'relativeToSeaFloor',0,6);
INSERT INTO `poi` (_id,Name,Visited_Place,Longitude,Latitude,Altitude,Heading,Tilt,Range,Altitude_Mode,Hide,Category) VALUES (100,'Port de Salou','Port de Salou',1.13120728717842,41.0738305977021,0.0,79.0,62.0,500.0,'relativeToSeaFloor',0,6);
INSERT INTO `poi` (_id,Name,Visited_Place,Longitude,Latitude,Altitude,Heading,Tilt,Range,Altitude_Mode,Hide,Category) VALUES (101,'C.N. Cambrils','C.N. Cambrils',1.06361959656323,41.0645259965373,0.0,79.0,62.0,500.0,'relativeToSeaFloor',0,6);
INSERT INTO `poi` (_id,Name,Visited_Place,Longitude,Latitude,Altitude,Heading,Tilt,Range,Altitude_Mode,Hide,Category) VALUES (102,'Port de l’Hospitalet de l’Infant','Port de l’Hospitalet de l’Infant',0.928794498859626,40.9889250351706,0.0,79.0,62.0,500.0,'relativeToSeaFloor',0,6);
INSERT INTO `poi` (_id,Name,Visited_Place,Longitude,Latitude,Altitude,Heading,Tilt,Range,Altitude_Mode,Hide,Category) VALUES (103,'C.N. Ametlla de Mar','C.N. Ametlla de Mar',0.801314575961511,40.8793669584662,0.0,79.0,62.0,500.0,'relativeToSeaFloor',0,6);
INSERT INTO `poi` (_id,Name,Visited_Place,Longitude,Latitude,Altitude,Heading,Tilt,Range,Altitude_Mode,Hide,Category) VALUES (104,'C.N. Ampolla','C.N. Ampolla',0.70949620432138,40.810223336827,0.0,79.0,62.0,500.0,'relativeToSeaFloor',0,6);
INSERT INTO `poi` (_id,Name,Visited_Place,Longitude,Latitude,Altitude,Heading,Tilt,Range,Altitude_Mode,Hide,Category) VALUES (105,'Castell de la Suda','Castell de la Suda',0.625899,41.618538,0.0,79.0,62.0,500.0,'relativeToSeaFloor',0,7);
INSERT INTO `poi` (_id,Name,Visited_Place,Longitude,Latitude,Altitude,Heading,Tilt,Range,Altitude_Mode,Hide,Category) VALUES (106,'Castell de Gardeny','Castell de Gardeny',0.614915,41.608574,0.0,79.0,62.0,500.0,'relativeToSeaFloor',0,7);
INSERT INTO `poi` (_id,Name,Visited_Place,Longitude,Latitude,Altitude,Heading,Tilt,Range,Altitude_Mode,Hide,Category) VALUES (107,'Capella de Sant Jaume','Capella de Sant Jaume',0.624674,41.613431,0.0,79.0,62.0,500.0,'relativeToSeaFloor',0,7);
INSERT INTO `poi` (_id,Name,Visited_Place,Longitude,Latitude,Altitude,Heading,Tilt,Range,Altitude_Mode,Hide,Category) VALUES (108,'Capella de la Sang','Capella de la Sang',0.62117,41.6118,0.0,79.0,62.0,500.0,'relativeToSeaFloor',0,7);
INSERT INTO `poi` (_id,Name,Visited_Place,Longitude,Latitude,Altitude,Heading,Tilt,Range,Altitude_Mode,Hide,Category) VALUES (109,'Fortificacions modernes','Fortificacions modernes',0.626432,41.616986,0.0,79.0,62.0,500.0,'relativeToSeaFloor',0,7);
INSERT INTO `poi` (_id,Name,Visited_Place,Longitude,Latitude,Altitude,Heading,Tilt,Range,Altitude_Mode,Hide,Category) VALUES (110,'Castell de Sucs','Castell de Sucs',0.414493,41.702601,0.0,79.0,62.0,500.0,'relativeToSeaFloor',0,7);
INSERT INTO `poi` (_id,Name,Visited_Place,Longitude,Latitude,Altitude,Heading,Tilt,Range,Altitude_Mode,Hide,Category) VALUES (111,'Castell de Raïmat','Castell de Raïmat',0.478562,41.676246,0.0,79.0,62.0,500.0,'relativeToSeaFloor',0,7);
INSERT INTO `poi` (_id,Name,Visited_Place,Longitude,Latitude,Altitude,Heading,Tilt,Range,Altitude_Mode,Hide,Category) VALUES (112,'Plaça de la Catedral Nova','Plaça de la Catedral Nova',0.623196,41.612716,0.0,79.0,62.0,500.0,'relativeToSeaFloor',0,7);
INSERT INTO `poi` (_id,Name,Visited_Place,Longitude,Latitude,Altitude,Heading,Tilt,Range,Altitude_Mode,Hide,Category) VALUES (113,'Plaça de Sant Joan','Plaça de Sant Joan',0.627277,41.615919,0.0,79.0,62.0,500.0,'relativeToSeaFloor',0,7);
INSERT INTO `poi` (_id,Name,Visited_Place,Longitude,Latitude,Altitude,Heading,Tilt,Range,Altitude_Mode,Hide,Category) VALUES (114,'Plaça de Sant Llorenç','Plaça de Sant Llorenç',0.621568,41.614723,0.0,79.0,62.0,500.0,'relativeToSeaFloor',0,7);
INSERT INTO `poi` (_id,Name,Visited_Place,Longitude,Latitude,Altitude,Heading,Tilt,Range,Altitude_Mode,Hide,Category) VALUES (115,'Plaça de l''Ereta','Plaça de l''Ereta',0.622787,41.61507,0.0,79.0,62.0,500.0,'relativeToSeaFloor',0,7);
INSERT INTO `poi` (_id,Name,Visited_Place,Longitude,Latitude,Altitude,Heading,Tilt,Range,Altitude_Mode,Hide,Category) VALUES (116,'Plaça de Sant Francesc','Plaça de Sant Francesc',0.626282,41.614272,0.0,79.0,62.0,500.0,'relativeToSeaFloor',0,7);
INSERT INTO `poi` (_id,Name,Visited_Place,Longitude,Latitude,Altitude,Heading,Tilt,Range,Altitude_Mode,Hide,Category) VALUES (117,'La Banqueta','La Banqueta',0.624893,41.61295,0.0,79.0,62.0,500.0,'relativeToSeaFloor',0,7);
INSERT INTO `poi` (_id,Name,Visited_Place,Longitude,Latitude,Altitude,Heading,Tilt,Range,Altitude_Mode,Hide,Category) VALUES (118,'Carrer de Boters','Carrer de Boters',0.622143,41.615663,0.0,79.0,62.0,500.0,'relativeToSeaFloor',0,7);
INSERT INTO `poi` (_id,Name,Visited_Place,Longitude,Latitude,Altitude,Heading,Tilt,Range,Altitude_Mode,Hide,Category) VALUES (119,'Carrer de Cavallers','Carrer de Cavallers',0.623964,41.614513,0.0,79.0,62.0,500.0,'relativeToSeaFloor',0,7);
INSERT INTO `poi` (_id,Name,Visited_Place,Longitude,Latitude,Altitude,Heading,Tilt,Range,Altitude_Mode,Hide,Category) VALUES (120,'Carrer de la Tallada','Carrer de la Tallada',0.622792,41.615691,0.0,79.0,62.0,500.0,'relativeToSeaFloor',0,7);
INSERT INTO `poi` (_id,Name,Visited_Place,Longitude,Latitude,Altitude,Heading,Tilt,Range,Altitude_Mode,Hide,Category) VALUES (121,'Lo carrer Major','Lo carrer Major',0.625271,41.613786,0.0,79.0,62.0,500.0,'relativeToSeaFloor',0,7);
INSERT INTO `poi` (_id,Name,Visited_Place,Longitude,Latitude,Altitude,Heading,Tilt,Range,Altitude_Mode,Hide,Category) VALUES (122,'Plaça Sant Josep','Plaça Sant Josep',0.621585,41.614153,0.0,79.0,62.0,500.0,'relativeToSeaFloor',0,7);
INSERT INTO `poi` (_id,Name,Visited_Place,Longitude,Latitude,Altitude,Heading,Tilt,Range,Altitude_Mode,Hide,Category) VALUES (123,'El carrer de la Palma','El carrer de la Palma',0.623157,41.613854,0.0,79.0,62.0,500.0,'relativeToSeaFloor',0,7);
INSERT INTO `poi` (_id,Name,Visited_Place,Longitude,Latitude,Altitude,Heading,Tilt,Range,Altitude_Mode,Hide,Category) VALUES (124,'Carrer de Sant Martí','Carrer de Sant Martí',0.623371,41.616806,0.0,79.0,62.0,500.0,'relativeToSeaFloor',0,7);
INSERT INTO `poi` (_id,Name,Visited_Place,Longitude,Latitude,Altitude,Heading,Tilt,Range,Altitude_Mode,Hide,Category) VALUES (125,'La Porta Ferrissa','La Porta Ferrissa',0.628809,41.617498,0.0,79.0,62.0,500.0,'relativeToSeaFloor',0,7);
INSERT INTO `poi` (_id,Name,Visited_Place,Longitude,Latitude,Altitude,Heading,Tilt,Range,Altitude_Mode,Hide,Category) VALUES (126,'El carrer del Carme','El carrer del Carme',0.62957,41.618296,0.0,79.0,62.0,500.0,'relativeToSeaFloor',0,7);
INSERT INTO `poi` (_id,Name,Visited_Place,Longitude,Latitude,Altitude,Heading,Tilt,Range,Altitude_Mode,Hide,Category) VALUES (127,'Carrer de la Magdalena','Carrer de la Magdalena',0.629224,41.618568,0.0,79.0,62.0,500.0,'relativeToSeaFloor',0,7);
INSERT INTO `poi` (_id,Name,Visited_Place,Longitude,Latitude,Altitude,Heading,Tilt,Range,Altitude_Mode,Hide,Category) VALUES (128,'El carrer de Sant Antoni','El carrer de Sant Antoni',0.621926,41.61206,0.0,79.0,62.0,500.0,'relativeToSeaFloor',0,7);
INSERT INTO `poi` (_id,Name,Visited_Place,Longitude,Latitude,Altitude,Heading,Tilt,Range,Altitude_Mode,Hide,Category) VALUES (129,'Rambla de Ferran','Rambla de Ferran',0.631033,41.618813,0.0,79.0,62.0,500.0,'relativeToSeaFloor',0,7);
INSERT INTO `poi` (_id,Name,Visited_Place,Longitude,Latitude,Altitude,Heading,Tilt,Range,Altitude_Mode,Hide,Category) VALUES (130,'Els Camps Elisis','Els Camps Elisis',0.632062,41.614052,0.0,79.0,62.0,500.0,'relativeToSeaFloor',0,7);
INSERT INTO `poi` (_id,Name,Visited_Place,Longitude,Latitude,Altitude,Heading,Tilt,Range,Altitude_Mode,Hide,Category) VALUES (131,'La Xopera','La Xopera',0.627593,41.613066,0.0,79.0,62.0,500.0,'relativeToSeaFloor',0,7);
INSERT INTO `poi` (_id,Name,Visited_Place,Longitude,Latitude,Altitude,Heading,Tilt,Range,Altitude_Mode,Hide,Category) VALUES (132,'La Panera','La Panera',0.622485,41.617353,0.0,79.0,62.0,500.0,'relativeToSeaFloor',0,7);
INSERT INTO `poi` (_id,Name,Visited_Place,Longitude,Latitude,Altitude,Heading,Tilt,Range,Altitude_Mode,Hide,Category) VALUES (133,'Molí de Sant Anastasi','Molí de Sant Anastasi',0.640246,41.605624,0.0,79.0,62.0,500.0,'relativeToSeaFloor',0,7);
INSERT INTO `poi` (_id,Name,Visited_Place,Longitude,Latitude,Altitude,Heading,Tilt,Range,Altitude_Mode,Hide,Category) VALUES (134,'Rambla d''Aragó','Rambla d''Aragó',0.620152,41.614112,0.0,79.0,62.0,500.0,'relativeToSeaFloor',0,7);
INSERT INTO `poi` (_id,Name,Visited_Place,Longitude,Latitude,Altitude,Heading,Tilt,Range,Altitude_Mode,Hide,Category) VALUES (135,'Restes del Pont Gòtic','Restes del Pont Gòtic',0.62991,41.614716,0.0,79.0,62.0,500.0,'relativeToSeaFloor',0,7);
INSERT INTO `poi` (_id,Name,Visited_Place,Longitude,Latitude,Altitude,Heading,Tilt,Range,Altitude_Mode,Hide,Category) VALUES (136,'Pati del Miqueló','Pati del Miqueló',0.621878,41.613036,0.0,79.0,62.0,500.0,'relativeToSeaFloor',0,7);
INSERT INTO `poi` (_id,Name,Visited_Place,Longitude,Latitude,Altitude,Heading,Tilt,Range,Altitude_Mode,Hide,Category) VALUES (137,'Edifici de Ca l''Onofre Cerveró','Edifici de Ca l''Onofre Cerveró',0.6228,41.614205,0.0,79.0,62.0,500.0,'relativeToSeaFloor',0,7);
INSERT INTO `poi` (_id,Name,Visited_Place,Longitude,Latitude,Altitude,Heading,Tilt,Range,Altitude_Mode,Hide,Category) VALUES (138,'Casa Misericòrdia','Casa Misericòrdia',0.621624,41.61393,0.0,79.0,62.0,500.0,'relativeToSeaFloor',0,7);
INSERT INTO `poi` (_id,Name,Visited_Place,Longitude,Latitude,Altitude,Heading,Tilt,Range,Altitude_Mode,Hide,Category) VALUES (139,'Convent de Santa Teresa','Convent de Santa Teresa',0.622514,41.612862,0.0,79.0,62.0,500.0,'relativeToSeaFloor',0,7);
INSERT INTO `poi` (_id,Name,Visited_Place,Longitude,Latitude,Altitude,Heading,Tilt,Range,Altitude_Mode,Hide,Category) VALUES (140,'Oratori de Nostra Senyora dels Dolors','Oratori de Nostra Senyora dels Dolors',0.624112,41.614206,0.0,79.0,62.0,500.0,'relativeToSeaFloor',0,7);
INSERT INTO `poi` (_id,Name,Visited_Place,Longitude,Latitude,Altitude,Heading,Tilt,Range,Altitude_Mode,Hide,Category) VALUES (141,'Font de les Piques','Font de les Piques',0.621649,41.614854,0.0,79.0,62.0,500.0,'relativeToSeaFloor',0,7);
INSERT INTO `poi` (_id,Name,Visited_Place,Longitude,Latitude,Altitude,Heading,Tilt,Range,Altitude_Mode,Hide,Category) VALUES (142,'Portal de l''església de Sant Pere','Portal de l''església de Sant Pere',0.626062,41.614266,0.0,79.0,62.0,500.0,'relativeToSeaFloor',0,7);
INSERT INTO `poi` (_id,Name,Visited_Place,Longitude,Latitude,Altitude,Heading,Tilt,Range,Altitude_Mode,Hide,Category) VALUES (143,'Seu Nova','Seu Nova',0.623003,41.613218,0.0,79.0,62.0,500.0,'relativeToSeaFloor',0,7);
INSERT INTO `poi` (_id,Name,Visited_Place,Longitude,Latitude,Altitude,Heading,Tilt,Range,Altitude_Mode,Hide,Category) VALUES (144,'Convent de Santa Clara','Convent de Santa Clara',0.622066,41.613587,0.0,79.0,62.0,500.0,'relativeToSeaFloor',0,7);
INSERT INTO `poi` (_id,Name,Visited_Place,Longitude,Latitude,Altitude,Heading,Tilt,Range,Altitude_Mode,Hide,Category) VALUES (145,'Dipòsit d''aigua del Pla','Dipòsit d''aigua del Pla',0.622361,41.616289,0.0,79.0,62.0,500.0,'relativeToSeaFloor',0,7);
INSERT INTO `poi` (_id,Name,Visited_Place,Longitude,Latitude,Altitude,Heading,Tilt,Range,Altitude_Mode,Hide,Category) VALUES (146,'Font del Governador','Font del Governador',0.628826,41.617293,0.0,79.0,62.0,500.0,'relativeToSeaFloor',0,7);
INSERT INTO `poi` (_id,Name,Visited_Place,Longitude,Latitude,Altitude,Heading,Tilt,Range,Altitude_Mode,Hide,Category) VALUES (147,'Pilar del General','Pilar del General',0.626882,41.614995,0.0,79.0,62.0,500.0,'relativeToSeaFloor',0,7);
INSERT INTO `poi` (_id,Name,Visited_Place,Longitude,Latitude,Altitude,Heading,Tilt,Range,Altitude_Mode,Hide,Category) VALUES (148,'El Roser','El Roser',0.623639,41.61425,0.0,79.0,62.0,500.0,'relativeToSeaFloor',0,7);
INSERT INTO `poi` (_id,Name,Visited_Place,Longitude,Latitude,Altitude,Heading,Tilt,Range,Altitude_Mode,Hide,Category) VALUES (149,'Casa del Pançà','Casa del Pançà',0.621811,41.614604,0.0,79.0,62.0,500.0,'relativeToSeaFloor',0,7);
INSERT INTO `poi` (_id,Name,Visited_Place,Longitude,Latitude,Altitude,Heading,Tilt,Range,Altitude_Mode,Hide,Category) VALUES (150,'Casa de la Font de les Piques','Casa de la Font de les Piques',0.621665,41.614848,0.0,79.0,62.0,500.0,'relativeToSeaFloor',0,7);
INSERT INTO `poi` (_id,Name,Visited_Place,Longitude,Latitude,Altitude,Heading,Tilt,Range,Altitude_Mode,Hide,Category) VALUES (151,'Casa pairal a la Tallada, 39','Casa pairal a la Tallada, 39',0.622007,41.615276,0.0,79.0,62.0,500.0,'relativeToSeaFloor',0,7);
INSERT INTO `poi` (_id,Name,Visited_Place,Longitude,Latitude,Altitude,Heading,Tilt,Range,Altitude_Mode,Hide,Category) VALUES (152,'Portal del Pont','Portal del Pont',0.627362,41.615171,0.0,79.0,62.0,500.0,'relativeToSeaFloor',0,7);
INSERT INTO `poi` (_id,Name,Visited_Place,Longitude,Latitude,Altitude,Heading,Tilt,Range,Altitude_Mode,Hide,Category) VALUES (153,'Edifici al carrer Cavallers, 33','Edifici al carrer Cavallers, 33',0.62375,41.615442,0.0,79.0,62.0,500.0,'relativeToSeaFloor',0,7);
INSERT INTO `poi` (_id,Name,Visited_Place,Longitude,Latitude,Altitude,Heading,Tilt,Range,Altitude_Mode,Hide,Category) VALUES (154,'Edifici al carrer Palau, 9','Edifici al carrer Palau, 9',0.622302,41.615039,0.0,79.0,62.0,500.0,'relativeToSeaFloor',0,7);
INSERT INTO `poi` (_id,Name,Visited_Place,Longitude,Latitude,Altitude,Heading,Tilt,Range,Altitude_Mode,Hide,Category) VALUES (155,'Cal Miarnau','Cal Miarnau',0.624234,41.613825,0.0,79.0,62.0,500.0,'relativeToSeaFloor',0,7);
INSERT INTO `poi` (_id,Name,Visited_Place,Longitude,Latitude,Altitude,Heading,Tilt,Range,Altitude_Mode,Hide,Category) VALUES (156,'Acadèmia Mariana','Acadèmia Mariana',0.619033,41.611037,0.0,79.0,62.0,500.0,'relativeToSeaFloor',0,7);
INSERT INTO `poi` (_id,Name,Visited_Place,Longitude,Latitude,Altitude,Heading,Tilt,Range,Altitude_Mode,Hide,Category) VALUES (157,'Edifici al carrer Vallcalent, 13','Edifici al carrer Vallcalent, 13',0.61941,41.61708,0.0,79.0,62.0,500.0,'relativeToSeaFloor',0,7);
INSERT INTO `poi` (_id,Name,Visited_Place,Longitude,Latitude,Altitude,Heading,Tilt,Range,Altitude_Mode,Hide,Category) VALUES (158,'Col·legi Cor de Maria','Col·legi Cor de Maria',0.62079,41.611629,0.0,79.0,62.0,500.0,'relativeToSeaFloor',0,7);
INSERT INTO `poi` (_id,Name,Visited_Place,Longitude,Latitude,Altitude,Heading,Tilt,Range,Altitude_Mode,Hide,Category) VALUES (159,'Font de l''Hospital','Font de l''Hospital',0.623979,41.612643,0.0,79.0,62.0,500.0,'relativeToSeaFloor',0,7);
INSERT INTO `poi` (_id,Name,Visited_Place,Longitude,Latitude,Altitude,Heading,Tilt,Range,Altitude_Mode,Hide,Category) VALUES (160,'Casa Sauces','Casa Sauces',0.629307,41.618129,0.0,79.0,62.0,500.0,'relativeToSeaFloor',0,7);
INSERT INTO `poi` (_id,Name,Visited_Place,Longitude,Latitude,Altitude,Heading,Tilt,Range,Altitude_Mode,Hide,Category) VALUES (161,'Font de la Palma','Font de la Palma',0.622834,41.614398,0.0,79.0,62.0,500.0,'relativeToSeaFloor',0,7);
INSERT INTO `poi` (_id,Name,Visited_Place,Longitude,Latitude,Altitude,Heading,Tilt,Range,Altitude_Mode,Hide,Category) VALUES (162,'Font del Roser','Font del Roser',0.624025,41.614271,0.0,79.0,62.0,500.0,'relativeToSeaFloor',0,7);
INSERT INTO `poi` (_id,Name,Visited_Place,Longitude,Latitude,Altitude,Heading,Tilt,Range,Altitude_Mode,Hide,Category) VALUES (163,'Casa Maternitat','Casa Maternitat',0.62019,41.613511,0.0,79.0,62.0,500.0,'relativeToSeaFloor',0,7);
INSERT INTO `poi` (_id,Name,Visited_Place,Longitude,Latitude,Altitude,Heading,Tilt,Range,Altitude_Mode,Hide,Category) VALUES (164,'Residència Pare Coll','Residència Pare Coll',0.623393,41.61322,0.0,79.0,62.0,500.0,'relativeToSeaFloor',0,7);
INSERT INTO `poi` (_id,Name,Visited_Place,Longitude,Latitude,Altitude,Heading,Tilt,Range,Altitude_Mode,Hide,Category) VALUES (165,'Edifici d''habitatges a l''avinguda Blondel i carrer Mestre','Edifici d''habitatges a l''avinguda Blondel i carrer Mestre',0.624187,41.612791,0.0,79.0,62.0,500.0,'relativeToSeaFloor',0,7);
INSERT INTO `poi` (_id,Name,Visited_Place,Longitude,Latitude,Altitude,Heading,Tilt,Range,Altitude_Mode,Hide,Category) VALUES (166,'Estàtues d''Indíbil i Mandoni','Estàtues d''Indíbil i Mandoni',0.627413,41.615118,0.0,79.0,62.0,500.0,'relativeToSeaFloor',0,7);
INSERT INTO `poi` (_id,Name,Visited_Place,Longitude,Latitude,Altitude,Heading,Tilt,Range,Altitude_Mode,Hide,Category) VALUES (167,'Teatre Municipal','Teatre Municipal',0.632044,41.613714,0.0,79.0,62.0,500.0,'relativeToSeaFloor',0,7);
INSERT INTO `poi` (_id,Name,Visited_Place,Longitude,Latitude,Altitude,Heading,Tilt,Range,Altitude_Mode,Hide,Category) VALUES (168,'Església de Sant Joan','Església de Sant Joan',0.627608,41.616464,0.0,79.0,62.0,500.0,'relativeToSeaFloor',0,7);
INSERT INTO `poi` (_id,Name,Visited_Place,Longitude,Latitude,Altitude,Heading,Tilt,Range,Altitude_Mode,Hide,Category) VALUES (169,'Seminari','Seminari',0.61968,41.614769,0.0,79.0,62.0,500.0,'relativeToSeaFloor',0,7);
INSERT INTO `poi` (_id,Name,Visited_Place,Longitude,Latitude,Altitude,Heading,Tilt,Range,Altitude_Mode,Hide,Category) VALUES (170,'Diputació Provincial','Diputació Provincial',0.629906,41.617821,0.0,79.0,62.0,500.0,'relativeToSeaFloor',0,7);
INSERT INTO `poi` (_id,Name,Visited_Place,Longitude,Latitude,Altitude,Heading,Tilt,Range,Altitude_Mode,Hide,Category) VALUES (171,'Col·legi Montserrat','Col·legi Montserrat',0.620441,41.610441,0.0,79.0,62.0,500.0,'relativeToSeaFloor',0,7);
INSERT INTO `poi` (_id,Name,Visited_Place,Longitude,Latitude,Altitude,Heading,Tilt,Range,Altitude_Mode,Hide,Category) VALUES (172,'Casa a l''avinguda Blondel, 17','Casa a l''avinguda Blondel, 17',0.623579,41.612296,0.0,79.0,62.0,500.0,'relativeToSeaFloor',0,7);
INSERT INTO `poi` (_id,Name,Visited_Place,Longitude,Latitude,Altitude,Heading,Tilt,Range,Altitude_Mode,Hide,Category) VALUES (173,'Casa a l''avinguda Blondel, 26','Casa a l''avinguda Blondel, 26',0.626008,41.613868,0.0,79.0,62.0,500.0,'relativeToSeaFloor',0,7);
INSERT INTO `poi` (_id,Name,Visited_Place,Longitude,Latitude,Altitude,Heading,Tilt,Range,Altitude_Mode,Hide,Category) VALUES (174,'Villa Antonieta','Villa Antonieta',0.635147,41.615532,0.0,79.0,62.0,500.0,'relativeToSeaFloor',0,7);
INSERT INTO `poi` (_id,Name,Visited_Place,Longitude,Latitude,Altitude,Heading,Tilt,Range,Altitude_Mode,Hide,Category) VALUES (175,'Docs','Docs',0.632188,41.620888,0.0,79.0,62.0,500.0,'relativeToSeaFloor',0,7);
INSERT INTO `poi` (_id,Name,Visited_Place,Longitude,Latitude,Altitude,Heading,Tilt,Range,Altitude_Mode,Hide,Category) VALUES (176,'Torre Garrell','Torre Garrell',0.67092,41.575882,0.0,79.0,62.0,500.0,'relativeToSeaFloor',0,7);
INSERT INTO `poi` (_id,Name,Visited_Place,Longitude,Latitude,Altitude,Heading,Tilt,Range,Altitude_Mode,Hide,Category) VALUES (177,'Casa Montull','Casa Montull',0.630806,41.618845,0.0,79.0,62.0,500.0,'relativeToSeaFloor',0,7);
INSERT INTO `poi` (_id,Name,Visited_Place,Longitude,Latitude,Altitude,Heading,Tilt,Range,Altitude_Mode,Hide,Category) VALUES (178,'Vila Fecsa','Vila Fecsa',0.623376,41.612166,0.0,79.0,62.0,500.0,'relativeToSeaFloor',0,7);
INSERT INTO `poi` (_id,Name,Visited_Place,Longitude,Latitude,Altitude,Heading,Tilt,Range,Altitude_Mode,Hide,Category) VALUES (179,'Antiga hisenda','Antiga hisenda',0.626247,41.614122,0.0,79.0,62.0,500.0,'relativeToSeaFloor',0,7);
INSERT INTO `poi` (_id,Name,Visited_Place,Longitude,Latitude,Altitude,Heading,Tilt,Range,Altitude_Mode,Hide,Category) VALUES (180,'Escola antiga Caixa d''Estalvis','Escola antiga Caixa d''Estalvis',0.619954,41.613007,0.0,79.0,62.0,500.0,'relativeToSeaFloor',0,7);
INSERT INTO `poi` (_id,Name,Visited_Place,Longitude,Latitude,Altitude,Heading,Tilt,Range,Altitude_Mode,Hide,Category) VALUES (181,'Edifici al passeig Ferran i baixada Trinitat','Edifici al passeig Ferran i baixada Trinitat',0.629239,41.617051,0.0,79.0,62.0,500.0,'relativeToSeaFloor',0,7);
INSERT INTO `poi` (_id,Name,Visited_Place,Longitude,Latitude,Altitude,Heading,Tilt,Range,Altitude_Mode,Hide,Category) VALUES (182,'Casa Magí Llorenç','Casa Magí Llorenç',0.624522,41.613388,0.0,79.0,62.0,500.0,'relativeToSeaFloor',0,7);
INSERT INTO `poi` (_id,Name,Visited_Place,Longitude,Latitude,Altitude,Heading,Tilt,Range,Altitude_Mode,Hide,Category) VALUES (183,'Casa del Clot de les Monges','Casa del Clot de les Monges',0.628537,41.617063,0.0,79.0,62.0,500.0,'relativeToSeaFloor',0,7);
INSERT INTO `poi` (_id,Name,Visited_Place,Longitude,Latitude,Altitude,Heading,Tilt,Range,Altitude_Mode,Hide,Category) VALUES (184,'Edifici d''habitatges a l''avinguda Blondel i plaça Sant Francesc','Edifici d''habitatges a l''avinguda Blondel i plaça Sant Francesc',0.626511,41.61422,0.0,79.0,62.0,500.0,'relativeToSeaFloor',0,7);
INSERT INTO `poi` (_id,Name,Visited_Place,Longitude,Latitude,Altitude,Heading,Tilt,Range,Altitude_Mode,Hide,Category) VALUES (185,'Casa Morera','Casa Morera',0.622564,41.611805,0.0,79.0,62.0,500.0,'relativeToSeaFloor',0,7);
INSERT INTO `poi` (_id,Name,Visited_Place,Longitude,Latitude,Altitude,Heading,Tilt,Range,Altitude_Mode,Hide,Category) VALUES (186,'Panteó Comte de Torregrossa','Panteó Comte de Torregrossa',0.650988,41.613497,0.0,79.0,62.0,500.0,'relativeToSeaFloor',0,7);
INSERT INTO `poi` (_id,Name,Visited_Place,Longitude,Latitude,Altitude,Heading,Tilt,Range,Altitude_Mode,Hide,Category) VALUES (187,'Banc Condal','Banc Condal',0.627277,41.614978,0.0,79.0,62.0,500.0,'relativeToSeaFloor',0,7);
INSERT INTO `poi` (_id,Name,Visited_Place,Longitude,Latitude,Altitude,Heading,Tilt,Range,Altitude_Mode,Hide,Category) VALUES (188,'Cases Noves','Cases Noves',0.619865,41.613908,0.0,79.0,62.0,500.0,'relativeToSeaFloor',0,7);
INSERT INTO `poi` (_id,Name,Visited_Place,Longitude,Latitude,Altitude,Heading,Tilt,Range,Altitude_Mode,Hide,Category) VALUES (189,'Caserna de la Guàrdia Civil','Caserna de la Guàrdia Civil',0.624105,41.612657,0.0,79.0,62.0,500.0,'relativeToSeaFloor',0,7);
INSERT INTO `poi` (_id,Name,Visited_Place,Longitude,Latitude,Altitude,Heading,Tilt,Range,Altitude_Mode,Hide,Category) VALUES (190,'Camp d''Esports','Camp d''Esports',0.614322,41.621085,0.0,79.0,62.0,500.0,'relativeToSeaFloor',0,7);
INSERT INTO `poi` (_id,Name,Visited_Place,Longitude,Latitude,Altitude,Heading,Tilt,Range,Altitude_Mode,Hide,Category) VALUES (191,'Mercat del Pla','Mercat del Pla',0.623459,41.616311,0.0,79.0,62.0,500.0,'relativeToSeaFloor',0,7);
INSERT INTO `poi` (_id,Name,Visited_Place,Longitude,Latitude,Altitude,Heading,Tilt,Range,Altitude_Mode,Hide,Category) VALUES (192,'Casino Principal','Casino Principal',0.625538,41.613569,0.0,79.0,62.0,500.0,'relativeToSeaFloor',0,7);
INSERT INTO `poi` (_id,Name,Visited_Place,Longitude,Latitude,Altitude,Heading,Tilt,Range,Altitude_Mode,Hide,Category) VALUES (193,'Cal Xam-mar','Cal Xam-mar',0.624018,41.612553,0.0,79.0,62.0,500.0,'relativeToSeaFloor',0,7);
INSERT INTO `poi` (_id,Name,Visited_Place,Longitude,Latitude,Altitude,Heading,Tilt,Range,Altitude_Mode,Hide,Category) VALUES (194,'Cal Baró','Cal Baró',0.621528,41.611221,0.0,79.0,62.0,500.0,'relativeToSeaFloor',0,7);
INSERT INTO `poi` (_id,Name,Visited_Place,Longitude,Latitude,Altitude,Heading,Tilt,Range,Altitude_Mode,Hide,Category) VALUES (195,'Parròquia de Santa Teresa','Parròquia de Santa Teresa',0.616149,41.616224,0.0,79.0,62.0,500.0,'relativeToSeaFloor',0,7);
INSERT INTO `poi` (_id,Name,Visited_Place,Longitude,Latitude,Altitude,Heading,Tilt,Range,Altitude_Mode,Hide,Category) VALUES (196,'Banc Hispà-americà','Banc Hispà-americà',0.626834,41.614878,0.0,79.0,62.0,500.0,'relativeToSeaFloor',0,7);
INSERT INTO `poi` (_id,Name,Visited_Place,Longitude,Latitude,Altitude,Heading,Tilt,Range,Altitude_Mode,Hide,Category) VALUES (197,'Casa als Porxos','Casa als Porxos',0.627115,41.615268,0.0,79.0,62.0,500.0,'relativeToSeaFloor',0,7);
INSERT INTO `poi` (_id,Name,Visited_Place,Longitude,Latitude,Altitude,Heading,Tilt,Range,Altitude_Mode,Hide,Category) VALUES (198,'Cambra de la Propietat Urbana','Cambra de la Propietat Urbana',0.623569,41.612294,0.0,79.0,62.0,500.0,'relativeToSeaFloor',0,7);
INSERT INTO `poi` (_id,Name,Visited_Place,Longitude,Latitude,Altitude,Heading,Tilt,Range,Altitude_Mode,Hide,Category) VALUES (199,'Blocs del carrer de Santa Marta','Blocs del carrer de Santa Marta',0.628257,41.616486,0.0,79.0,62.0,500.0,'relativeToSeaFloor',0,7);
INSERT INTO `poi` (_id,Name,Visited_Place,Longitude,Latitude,Altitude,Heading,Tilt,Range,Altitude_Mode,Hide,Category) VALUES (200,'Palau Episcopal','Palau Episcopal',0.620804,41.614819,0.0,79.0,62.0,500.0,'relativeToSeaFloor',0,7);
INSERT INTO `poi` (_id,Name,Visited_Place,Longitude,Latitude,Altitude,Heading,Tilt,Range,Altitude_Mode,Hide,Category) VALUES (201,'Edifici Montepio','Edifici Montepio',0.624701,41.612876,0.0,79.0,62.0,500.0,'relativeToSeaFloor',0,7);
INSERT INTO `poi` (_id,Name,Visited_Place,Longitude,Latitude,Altitude,Heading,Tilt,Range,Altitude_Mode,Hide,Category) VALUES (202,'Antic Palau de Justícia','Antic Palau de Justícia',0.629643,41.617523,0.0,79.0,62.0,500.0,'relativeToSeaFloor',0,7);
INSERT INTO `poi` (_id,Name,Visited_Place,Longitude,Latitude,Altitude,Heading,Tilt,Range,Altitude_Mode,Hide,Category) VALUES (203,'Teatre Principal','Teatre Principal',0.626741,41.614969,0.0,79.0,62.0,500.0,'relativeToSeaFloor',0,7);
INSERT INTO `poi` (_id,Name,Visited_Place,Longitude,Latitude,Altitude,Heading,Tilt,Range,Altitude_Mode,Hide,Category) VALUES (204,'Banc Vitalici','Banc Vitalici',0.627198,41.616113,0.0,79.0,62.0,500.0,'relativeToSeaFloor',0,7);
INSERT INTO `poi` (_id,Name,Visited_Place,Longitude,Latitude,Altitude,Heading,Tilt,Range,Altitude_Mode,Hide,Category) VALUES (205,'Edifici d''habitatges al carrer Vila de Foix','Edifici d''habitatges al carrer Vila de Foix',0.623255,41.612468,0.0,79.0,62.0,500.0,'relativeToSeaFloor',0,7);
INSERT INTO `poi` (_id,Name,Visited_Place,Longitude,Latitude,Altitude,Heading,Tilt,Range,Altitude_Mode,Hide,Category) VALUES (206,'Edifici al Clot de les Granotes','Edifici al Clot de les Granotes',0.621972,41.624249,0.0,79.0,62.0,500.0,'relativeToSeaFloor',0,7);
INSERT INTO `poi` (_id,Name,Visited_Place,Longitude,Latitude,Altitude,Heading,Tilt,Range,Altitude_Mode,Hide,Category) VALUES (207,'Font del Governador Aparici','Font del Governador Aparici',0.625237,41.613818,0.0,79.0,62.0,500.0,'relativeToSeaFloor',0,7);
INSERT INTO `poi` (_id,Name,Visited_Place,Longitude,Latitude,Altitude,Heading,Tilt,Range,Altitude_Mode,Hide,Category) VALUES (208,'Blocs de Balàfia','Blocs de Balàfia',0.621904,41.627273,0.0,79.0,62.0,500.0,'relativeToSeaFloor',0,7);
INSERT INTO `poi` (_id,Name,Visited_Place,Longitude,Latitude,Altitude,Heading,Tilt,Range,Altitude_Mode,Hide,Category) VALUES (209,'Xalet Doctor Vicens','Xalet Doctor Vicens',0.632038,41.629718,0.0,79.0,62.0,500.0,'relativeToSeaFloor',0,7);
INSERT INTO `poi` (_id,Name,Visited_Place,Longitude,Latitude,Altitude,Heading,Tilt,Range,Altitude_Mode,Hide,Category) VALUES (210,'Club Tenis Lleida IPA-14416]]','Club Tenis Lleida IPA-14416]]',0.599451,41.633066,0.0,79.0,62.0,500.0,'relativeToSeaFloor',0,7);
INSERT INTO `poi` (_id,Name,Visited_Place,Longitude,Latitude,Altitude,Heading,Tilt,Range,Altitude_Mode,Hide,Category) VALUES (211,'Xalet Canadenc','Xalet Canadenc',0.635788,41.603408,0.0,79.0,62.0,500.0,'relativeToSeaFloor',0,7);
INSERT INTO `poi` (_id,Name,Visited_Place,Longitude,Latitude,Altitude,Heading,Tilt,Range,Altitude_Mode,Hide,Category) VALUES (212,'Villa Maria','Villa Maria',0.636025,41.607511,0.0,79.0,62.0,500.0,'relativeToSeaFloor',0,7);
INSERT INTO `poi` (_id,Name,Visited_Place,Longitude,Latitude,Altitude,Heading,Tilt,Range,Altitude_Mode,Hide,Category) VALUES (213,'Torre Bosch','Torre Bosch',0.635556,41.607978,0.0,79.0,62.0,500.0,'relativeToSeaFloor',0,7);
INSERT INTO `poi` (_id,Name,Visited_Place,Longitude,Latitude,Altitude,Heading,Tilt,Range,Altitude_Mode,Hide,Category) VALUES (214,'Ermita de Granyena','Ermita de Granyena',0.662202,41.641781,0.0,79.0,62.0,500.0,'relativeToSeaFloor',0,7);
INSERT INTO `poi` (_id,Name,Visited_Place,Longitude,Latitude,Altitude,Heading,Tilt,Range,Altitude_Mode,Hide,Category) VALUES (215,'Grup Tres d''Abril','Grup Tres d''Abril',0.616,41.621081,0.0,79.0,62.0,500.0,'relativeToSeaFloor',0,7);
INSERT INTO `poi` (_id,Name,Visited_Place,Longitude,Latitude,Altitude,Heading,Tilt,Range,Altitude_Mode,Hide,Category) VALUES (216,'Hangar i torre de control als Mangraners','Hangar i torre de control als Mangraners',0.666822,41.60753,0.0,79.0,62.0,500.0,'relativeToSeaFloor',0,7);
INSERT INTO `poi` (_id,Name,Visited_Place,Longitude,Latitude,Altitude,Heading,Tilt,Range,Altitude_Mode,Hide,Category) VALUES (217,'Ermita de Butsènit','Ermita de Butsènit',0.57411,41.57995,0.0,79.0,62.0,500.0,'relativeToSeaFloor',0,7);
INSERT INTO `poi` (_id,Name,Visited_Place,Longitude,Latitude,Altitude,Heading,Tilt,Range,Altitude_Mode,Hide,Category) VALUES (218,'Torre Solé','Torre Solé',0.684851,41.619153,0.0,79.0,62.0,500.0,'relativeToSeaFloor',0,7);
INSERT INTO `poi` (_id,Name,Visited_Place,Longitude,Latitude,Altitude,Heading,Tilt,Range,Altitude_Mode,Hide,Category) VALUES (219,'Torre de Moradilla','Torre de Moradilla',0.70979,41.61949,0.0,79.0,62.0,500.0,'relativeToSeaFloor',0,7);
INSERT INTO `poi` (_id,Name,Visited_Place,Longitude,Latitude,Altitude,Heading,Tilt,Range,Altitude_Mode,Hide,Category) VALUES (220,'Xalet Cafè dels Camps Elisis','Xalet Cafè dels Camps Elisis',0.631826,41.61407,0.0,79.0,62.0,500.0,'relativeToSeaFloor',0,7);
INSERT INTO `poi` (_id,Name,Visited_Place,Longitude,Latitude,Altitude,Heading,Tilt,Range,Altitude_Mode,Hide,Category) VALUES (221,'Templet de la Música','Templet de la Música',0.632129,41.614166,0.0,79.0,62.0,500.0,'relativeToSeaFloor',0,7);
INSERT INTO `poi` (_id,Name,Visited_Place,Longitude,Latitude,Altitude,Heading,Tilt,Range,Altitude_Mode,Hide,Category) VALUES (222,'Escoles Camps Elisis','Escoles Camps Elisis',0.63116,41.612917,0.0,79.0,62.0,500.0,'relativeToSeaFloor',0,7);
INSERT INTO `poi` (_id,Name,Visited_Place,Longitude,Latitude,Altitude,Heading,Tilt,Range,Altitude_Mode,Hide,Category) VALUES (223,'Aquarium','Aquarium',0.631798,41.613779,0.0,79.0,62.0,500.0,'relativeToSeaFloor',0,7);
INSERT INTO `poi` (_id,Name,Visited_Place,Longitude,Latitude,Altitude,Heading,Tilt,Range,Altitude_Mode,Hide,Category) VALUES (224,'Hostal Comtes d''Urgell','Hostal Comtes d''Urgell',0.636251,41.609506,0.0,79.0,62.0,500.0,'relativeToSeaFloor',0,7);
INSERT INTO `poi` (_id,Name,Visited_Place,Longitude,Latitude,Altitude,Heading,Tilt,Range,Altitude_Mode,Hide,Category) VALUES (225,'Seu Vella','Seu Vella',0.626981,41.618143,0.0,79.0,62.0,500.0,'relativeToSeaFloor',0,7);
INSERT INTO `poi` (_id,Name,Visited_Place,Longitude,Latitude,Altitude,Heading,Tilt,Range,Altitude_Mode,Hide,Category) VALUES (226,'Església de Sant Llorenç','Església de Sant Llorenç',0.621638,41.61445,0.0,79.0,62.0,500.0,'relativeToSeaFloor',0,7);
INSERT INTO `poi` (_id,Name,Visited_Place,Longitude,Latitude,Altitude,Heading,Tilt,Range,Altitude_Mode,Hide,Category) VALUES (227,'La Paeria','La Paeria',0.626755,41.614723,0.0,79.0,62.0,500.0,'relativeToSeaFloor',0,7);
INSERT INTO `poi` (_id,Name,Visited_Place,Longitude,Latitude,Altitude,Heading,Tilt,Range,Altitude_Mode,Hide,Category) VALUES (228,'Antic Hospital de Santa Maria','Antic Hospital de Santa Maria',0.623606,41.612726,0.0,79.0,62.0,500.0,'relativeToSeaFloor',0,7);
INSERT INTO `poi` (_id,Name,Visited_Place,Longitude,Latitude,Altitude,Heading,Tilt,Range,Altitude_Mode,Hide,Category) VALUES (229,'Església de Sant Martí','Església de Sant Martí',0.62206,41.61773,0.0,79.0,62.0,500.0,'relativeToSeaFloor',0,7);
INSERT INTO `poi` (_id,Name,Visited_Place,Longitude,Latitude,Altitude,Heading,Tilt,Range,Altitude_Mode,Hide,Category) VALUES (230,'Recinte murat','Recinte murat',0.624952,41.616752,0.0,79.0,62.0,500.0,'relativeToSeaFloor',0,7);
INSERT INTO `poi` (_id,Name,Visited_Place,Longitude,Latitude,Altitude,Heading,Tilt,Range,Altitude_Mode,Hide,Category) VALUES (231,'Hospital Provincial','Hospital Provincial',0.61646,41.623033,0.0,79.0,62.0,500.0,'relativeToSeaFloor',0,7);
INSERT INTO `poi` (_id,Name,Visited_Place,Longitude,Latitude,Altitude,Heading,Tilt,Range,Altitude_Mode,Hide,Category) VALUES (232,'Casa Prat','Casa Prat',0.622683,41.621681,0.0,79.0,62.0,500.0,'relativeToSeaFloor',0,7);
INSERT INTO `poi` (_id,Name,Visited_Place,Longitude,Latitude,Altitude,Heading,Tilt,Range,Altitude_Mode,Hide,Category) VALUES (233,'Cinema Bahía','Cinema Bahía',0.620135,41.615417,0.0,79.0,62.0,500.0,'relativeToSeaFloor',0,7);
INSERT INTO `poi` (_id,Name,Visited_Place,Longitude,Latitude,Altitude,Heading,Tilt,Range,Altitude_Mode,Hide,Category) VALUES (234,'Escorxador Municipal','Escorxador Municipal',0.616433,41.612324,0.0,79.0,62.0,500.0,'relativeToSeaFloor',0,7);
INSERT INTO `poi` (_id,Name,Visited_Place,Longitude,Latitude,Altitude,Heading,Tilt,Range,Altitude_Mode,Hide,Category) VALUES (235,'Farinera La Meta','Farinera La Meta',0.631344,41.621321,0.0,79.0,62.0,500.0,'relativeToSeaFloor',0,7);
INSERT INTO `poi` (_id,Name,Visited_Place,Longitude,Latitude,Altitude,Heading,Tilt,Range,Altitude_Mode,Hide,Category) VALUES (236,'Casa Cros','Casa Cros',0.630708,41.61821,0.0,79.0,62.0,500.0,'relativeToSeaFloor',0,7);
INSERT INTO `poi` (_id,Name,Visited_Place,Longitude,Latitude,Altitude,Heading,Tilt,Range,Altitude_Mode,Hide,Category) VALUES (237,'Estació de Renfe','Estació de Renfe',0.632721,41.620677,0.0,79.0,62.0,500.0,'relativeToSeaFloor',0,7);
INSERT INTO `poi` (_id,Name,Visited_Place,Longitude,Latitude,Altitude,Heading,Tilt,Range,Altitude_Mode,Hide,Category) VALUES (238,'Casa Ollé','Casa Ollé',0.618484,41.617632,0.0,79.0,62.0,500.0,'relativeToSeaFloor',0,7);
INSERT INTO `poi` (_id,Name,Visited_Place,Longitude,Latitude,Altitude,Heading,Tilt,Range,Altitude_Mode,Hide,Category) VALUES (239,'Casa de Plàcid Revés','Casa de Plàcid Revés',0.620534,41.615778,0.0,79.0,62.0,500.0,'relativeToSeaFloor',0,7);
INSERT INTO `poi` (_id,Name,Visited_Place,Longitude,Latitude,Altitude,Heading,Tilt,Range,Altitude_Mode,Hide,Category) VALUES (240,'Casa Vilà','Casa Vilà',0.630419,41.61732,0.0,79.0,62.0,500.0,'relativeToSeaFloor',0,7);
INSERT INTO `poi` (_id,Name,Visited_Place,Longitude,Latitude,Altitude,Heading,Tilt,Range,Altitude_Mode,Hide,Category) VALUES (241,'Casa Plubins','Casa Plubins',0.631369,41.619466,0.0,79.0,62.0,500.0,'relativeToSeaFloor',0,7);
INSERT INTO `poi` (_id,Name,Visited_Place,Longitude,Latitude,Altitude,Heading,Tilt,Range,Altitude_Mode,Hide,Category) VALUES (242,'Escola del Treball','Escola del Treball',0.626037,41.623251,0.0,79.0,62.0,500.0,'relativeToSeaFloor',0,7);
INSERT INTO `poi` (_id,Name,Visited_Place,Longitude,Latitude,Altitude,Heading,Tilt,Range,Altitude_Mode,Hide,Category) VALUES (243,'Escola dels Ferroviaris','Escola dels Ferroviaris',0.629794,41.62155,0.0,79.0,62.0,500.0,'relativeToSeaFloor',0,7);
INSERT INTO `poi` (_id,Name,Visited_Place,Longitude,Latitude,Altitude,Heading,Tilt,Range,Altitude_Mode,Hide,Category) VALUES (244,'Edifici d''habitatges a la rambla d''Aragó i carrer Joan Baget','Edifici d''habitatges a la rambla d''Aragó i carrer Joan Baget',0.620696,41.615947,0.0,79.0,62.0,500.0,'relativeToSeaFloor',0,7);
INSERT INTO `poi` (_id,Name,Visited_Place,Longitude,Latitude,Altitude,Heading,Tilt,Range,Altitude_Mode,Hide,Category) VALUES (245,'Col·legi Santa Anna','Col·legi Santa Anna',0.619367,41.612979,0.0,79.0,62.0,500.0,'relativeToSeaFloor',0,7);
INSERT INTO `poi` (_id,Name,Visited_Place,Longitude,Latitude,Altitude,Heading,Tilt,Range,Altitude_Mode,Hide,Category) VALUES (246,'Banc d''Espanya','Banc d''Espanya',0.623195,41.612016,0.0,79.0,62.0,500.0,'relativeToSeaFloor',0,7);
INSERT INTO `poi` (_id,Name,Visited_Place,Longitude,Latitude,Altitude,Heading,Tilt,Range,Altitude_Mode,Hide,Category) VALUES (247,'Blocs militars','Blocs militars',0.618122,41.608636,0.0,79.0,62.0,500.0,'relativeToSeaFloor',0,7);
INSERT INTO `poi` (_id,Name,Visited_Place,Longitude,Latitude,Altitude,Heading,Tilt,Range,Altitude_Mode,Hide,Category) VALUES (248,'Edifici a la rambla d''Aragó, 5','Edifici a la rambla d''Aragó, 5',0.619134,41.612366,0.0,79.0,62.0,500.0,'relativeToSeaFloor',0,7);
INSERT INTO `poi` (_id,Name,Visited_Place,Longitude,Latitude,Altitude,Heading,Tilt,Range,Altitude_Mode,Hide,Category) VALUES (249,'Govern Civil','Govern Civil',0.62929,41.616352,0.0,79.0,62.0,500.0,'relativeToSeaFloor',0,7);
INSERT INTO `poi` (_id,Name,Visited_Place,Longitude,Latitude,Altitude,Heading,Tilt,Range,Altitude_Mode,Hide,Category) VALUES (250,'Casa al carrer Nadal Meroles, 9','Casa al carrer Nadal Meroles, 9',0.62008,41.622725,0.0,79.0,62.0,500.0,'relativeToSeaFloor',0,7);
INSERT INTO `poi` (_id,Name,Visited_Place,Longitude,Latitude,Altitude,Heading,Tilt,Range,Altitude_Mode,Hide,Category) VALUES (251,'Casernes de Gardeny','Casernes de Gardeny',0.611419,41.607951,0.0,79.0,62.0,500.0,'relativeToSeaFloor',0,7);
INSERT INTO `poi` (_id,Name,Visited_Place,Longitude,Latitude,Altitude,Heading,Tilt,Range,Altitude_Mode,Hide,Category) VALUES (252,'La Mitjana','La Mitjana',0.644605,41.627926,0.0,79.0,62.0,500.0,'relativeToSeaFloor',0,7);
INSERT INTO `poi` (_id,Name,Visited_Place,Longitude,Latitude,Altitude,Heading,Tilt,Range,Altitude_Mode,Hide,Category) VALUES (253,'Cinema Vinyes','Cinema Vinyes',0.62438,41.612759,0.0,79.0,62.0,500.0,'relativeToSeaFloor',0,7);
INSERT INTO `poi` (_id,Name,Visited_Place,Longitude,Latitude,Altitude,Heading,Tilt,Range,Altitude_Mode,Hide,Category) VALUES (254,'Vil·la Remei','Vil·la Remei',0.641827,41.603311,0.0,79.0,62.0,500.0,'relativeToSeaFloor',0,7);
INSERT INTO `poi` (_id,Name,Visited_Place,Longitude,Latitude,Altitude,Heading,Tilt,Range,Altitude_Mode,Hide,Category) VALUES (255,'Cementiri de Lleida','Cementiri de Lleida',0.651223,41.613092,0.0,79.0,62.0,500.0,'relativeToSeaFloor',0,7);
INSERT INTO `poi` (_id,Name,Visited_Place,Longitude,Latitude,Altitude,Heading,Tilt,Range,Altitude_Mode,Hide,Category) VALUES (256,'Granja de Picabaix','Granja de Picabaix',0.657081,41.659666,0.0,79.0,62.0,500.0,'relativeToSeaFloor',0,7);
INSERT INTO `poi` (_id,Name,Visited_Place,Longitude,Latitude,Altitude,Heading,Tilt,Range,Altitude_Mode,Hide,Category) VALUES (257,'Església de Sant Ruf de Lleida IPA-401]]','Església de Sant Ruf de Lleida IPA-401]]',0.63739,41.63774,0.0,79.0,62.0,500.0,'relativeToSeaFloor',0,7);
INSERT INTO `poi` (_id,Name,Visited_Place,Longitude,Latitude,Altitude,Heading,Tilt,Range,Altitude_Mode,Hide,Category) VALUES (258,'Església de Raïmat','Església de Raïmat',0.477896,41.678661,0.0,79.0,62.0,500.0,'relativeToSeaFloor',0,7);
INSERT INTO `poi` (_id,Name,Visited_Place,Longitude,Latitude,Altitude,Heading,Tilt,Range,Altitude_Mode,Hide,Category) VALUES (259,'Escoles de Raïmat','Escoles de Raïmat',0.478605,41.678599,0.0,79.0,62.0,500.0,'relativeToSeaFloor',0,7);
INSERT INTO `poi` (_id,Name,Visited_Place,Longitude,Latitude,Altitude,Heading,Tilt,Range,Altitude_Mode,Hide,Category) VALUES (260,'Cellers de Raïmat','Cellers de Raïmat',0.480358,41.682925,0.0,79.0,62.0,500.0,'relativeToSeaFloor',0,7);
INSERT INTO `poi` (_id,Name,Visited_Place,Longitude,Latitude,Altitude,Heading,Tilt,Range,Altitude_Mode,Hide,Category) VALUES (261,'Masia del Rei','Masia del Rei',0.625295,41.637624,0.0,79.0,62.0,500.0,'relativeToSeaFloor',0,7);
INSERT INTO `poi` (_id,Name,Visited_Place,Longitude,Latitude,Altitude,Heading,Tilt,Range,Altitude_Mode,Hide,Category) VALUES (262,'Xalet Queralt','Xalet Queralt',0.629464,41.631798,0.0,79.0,62.0,500.0,'relativeToSeaFloor',0,7);
INSERT INTO `poi` (_id,Name,Visited_Place,Longitude,Latitude,Altitude,Heading,Tilt,Range,Altitude_Mode,Hide,Category) VALUES (263,'Església de Sucs','Església de Sucs',0.412046,41.702013,0.0,79.0,62.0,500.0,'relativeToSeaFloor',0,7);
INSERT INTO `poi` (_id,Name,Visited_Place,Longitude,Latitude,Altitude,Heading,Tilt,Range,Altitude_Mode,Hide,Category) VALUES (264,'La Ginesta','La Ginesta',0.422778,41.704219,0.0,79.0,62.0,500.0,'relativeToSeaFloor',0,7);
INSERT INTO `poi` (_id,Name,Visited_Place,Longitude,Latitude,Altitude,Heading,Tilt,Range,Altitude_Mode,Hide,Category) VALUES (265,'Església de Suquets','Església de Suquets',0.417145,41.700493,0.0,79.0,62.0,500.0,'relativeToSeaFloor',0,7);
INSERT INTO `poi` (_id,Name,Visited_Place,Longitude,Latitude,Altitude,Heading,Tilt,Range,Altitude_Mode,Hide,Category) VALUES (266,'La Giralda de Sevilla','La Giralda de Sevilla',-5.99247648599199,37.3861921800657,0.0,79.0,62.0,500.0,'relativeToSeaFloor',0,8);
INSERT INTO `poi` (_id,Name,Visited_Place,Longitude,Latitude,Altitude,Heading,Tilt,Range,Altitude_Mode,Hide,Category) VALUES (267,'Alhambra de Granada','Alhambra de Granada',-3.58731073931435,37.175912425052,0.0,79.0,62.0,500.0,'relativeToSeaFloor',0,8);
INSERT INTO `poi` (_id,Name,Visited_Place,Longitude,Latitude,Altitude,Heading,Tilt,Range,Altitude_Mode,Hide,Category) VALUES (268,'Teatre Romà de Mèrida','Teatre Romà de Mèrida',-6.33866175635679,38.9153373712781,0.0,79.0,62.0,500.0,'relativeToSeaFloor',0,8);
INSERT INTO `poi` (_id,Name,Visited_Place,Longitude,Latitude,Altitude,Heading,Tilt,Range,Altitude_Mode,Hide,Category) VALUES (269,'Ciutat de les Arts i les Ciències de València','Ciutat de les Arts i les Ciències de València',-0.35257425611201,39.4559775081751,0.0,79.0,62.0,500.0,'relativeToSeaFloor',0,8);
INSERT INTO `poi` (_id,Name,Visited_Place,Longitude,Latitude,Altitude,Heading,Tilt,Range,Altitude_Mode,Hide,Category) VALUES (270,'Palau Reial de Madrid','Palau Reial de Madrid',-3.71414181377353,40.4190642583954,0.0,79.0,62.0,500.0,'relativeToSeaFloor',0,8);
INSERT INTO `poi` (_id,Name,Visited_Place,Longitude,Latitude,Altitude,Heading,Tilt,Range,Altitude_Mode,Hide,Category) VALUES (271,'Monestir de l''Escorial','Monestir de l''Escorial',-4.14819119375085,40.5891183401401,0.0,79.0,62.0,500.0,'relativeToSeaFloor',0,8);
INSERT INTO `poi` (_id,Name,Visited_Place,Longitude,Latitude,Altitude,Heading,Tilt,Range,Altitude_Mode,Hide,Category) VALUES (272,'Muralla d''Àvila','Muralla d''Àvila',-4.70181756457398,40.6587494756711,0.0,79.0,62.0,500.0,'relativeToSeaFloor',0,8);
INSERT INTO `poi` (_id,Name,Visited_Place,Longitude,Latitude,Altitude,Heading,Tilt,Range,Altitude_Mode,Hide,Category) VALUES (273,'Aqüeducte de Segòvia','Aqüeducte de Segòvia',-4.11758735420299,40.9477301012865,0.0,79.0,62.0,500.0,'relativeToSeaFloor',0,8);
INSERT INTO `poi` (_id,Name,Visited_Place,Longitude,Latitude,Altitude,Heading,Tilt,Range,Altitude_Mode,Hide,Category) VALUES (274,'Catedral de Santiago de Compostel·la','Catedral de Santiago de Compostel·la',-8.54516926979432,42.8805799931285,0.0,79.0,62.0,500.0,'relativeToSeaFloor',0,8);
INSERT INTO `poi` (_id,Name,Visited_Place,Longitude,Latitude,Altitude,Heading,Tilt,Range,Altitude_Mode,Hide,Category) VALUES (275,'Catedral de Lleó','Catedral de Lleó',-5.56719156175054,42.5993769100292,0.0,79.0,62.0,500.0,'relativeToSeaFloor',0,8);
INSERT INTO `poi` (_id,Name,Visited_Place,Longitude,Latitude,Altitude,Heading,Tilt,Range,Altitude_Mode,Hide,Category) VALUES (276,'Museu Guggenheim de Bilbao','Museu Guggenheim de Bilbao',-2.93409018694623,43.2688819418411,0.0,79.0,62.0,500.0,'relativeToSeaFloor',0,8);
INSERT INTO `poi` (_id,Name,Visited_Place,Longitude,Latitude,Altitude,Heading,Tilt,Range,Altitude_Mode,Hide,Category) VALUES (277,'Basílica del Pilar de Saragossa','Basílica del Pilar de Saragossa',-0.878754484458606,41.6564921965241,0.0,79.0,62.0,500.0,'relativeToSeaFloor',0,8);
INSERT INTO `poi` (_id,Name,Visited_Place,Longitude,Latitude,Altitude,Heading,Tilt,Range,Altitude_Mode,Hide,Category) VALUES (278,'Sagrada Família de Barcelona','Sagrada Família de Barcelona',2.17399292469299,41.4033175464029,0.0,79.0,62.0,500.0,'relativeToSeaFloor',0,8);
INSERT INTO `poi` (_id,Name,Visited_Place,Longitude,Latitude,Altitude,Heading,Tilt,Range,Altitude_Mode,Hide,Category) VALUES (279,'Elisium Palace','Elisium Palace',2.3166266561212,48.870202377323,0.0,79.0,62.0,500.0,'relativeToSeaFloor',0,9);
INSERT INTO `poi` (_id,Name,Visited_Place,Longitude,Latitude,Altitude,Heading,Tilt,Range,Altitude_Mode,Hide,Category) VALUES (280,'Chigi Palace','Chigi Palace',12.4798369113399,41.901182833479,0.0,79.0,62.0,500.0,'relativeToSeaFloor',0,9);
INSERT INTO `poi` (_id,Name,Visited_Place,Longitude,Latitude,Altitude,Heading,Tilt,Range,Altitude_Mode,Hide,Category) VALUES (281,'Kremlin','Kremlin',37.6171918787585,55.7513245255866,0.0,79.0,62.0,500.0,'relativeToSeaFloor',0,9);
INSERT INTO `poi` (_id,Name,Visited_Place,Longitude,Latitude,Altitude,Heading,Tilt,Range,Altitude_Mode,Hide,Category) VALUES (282,'The White House','The White House',-77.0365420703183,38.8979119518442,0.0,79.0,62.0,500.0,'relativeToSeaFloor',0,9);
INSERT INTO `poi` (_id,Name,Visited_Place,Longitude,Latitude,Altitude,Heading,Tilt,Range,Altitude_Mode,Hide,Category) VALUES (283,'National Palace','National Palace',-99.1320316941162,19.4326141277854,0.0,79.0,62.0,500.0,'relativeToSeaFloor',0,9);
INSERT INTO `poi` (_id,Name,Visited_Place,Longitude,Latitude,Altitude,Heading,Tilt,Range,Altitude_Mode,Hide,Category) VALUES (284,'Garzas Palace','Garzas Palace',-79.5344538307548,8.95393300190272,0.0,79.0,62.0,500.0,'relativeToSeaFloor',0,9);
INSERT INTO `poi` (_id,Name,Visited_Place,Longitude,Latitude,Altitude,Heading,Tilt,Range,Altitude_Mode,Hide,Category) VALUES (285,'Carondelet Palace','Carondelet Palace',-78.512550415432,-0.219823438009298,0.0,79.0,62.0,500.0,'relativeToSeaFloor',0,9);
INSERT INTO `poi` (_id,Name,Visited_Place,Longitude,Latitude,Altitude,Heading,Tilt,Range,Altitude_Mode,Hide,Category) VALUES (286,'Pizarro''s House','Pizarro''s House',-77.0300255862288,-12.0451255115817,0.0,79.0,62.0,500.0,'relativeToSeaFloor',0,9);
INSERT INTO `poi` (_id,Name,Visited_Place,Longitude,Latitude,Altitude,Heading,Tilt,Range,Altitude_Mode,Hide,Category) VALUES (287,'Planalto Palace','Planalto Palace',-47.8608150964806,-15.7991173148349,0.0,79.0,62.0,500.0,'relativeToSeaFloor',0,9);
INSERT INTO `poi` (_id,Name,Visited_Place,Longitude,Latitude,Altitude,Heading,Tilt,Range,Altitude_Mode,Hide,Category) VALUES (288,'López''s Palace','López''s Palace',-57.6372913318535,-25.2773611768034,0.0,79.0,62.0,500.0,'relativeToSeaFloor',0,9);
INSERT INTO `poi` (_id,Name,Visited_Place,Longitude,Latitude,Altitude,Heading,Tilt,Range,Altitude_Mode,Hide,Category) VALUES (289,'La Casa Rosada','La Casa Rosada',-58.3706275148247,-34.6082117072079,0.0,79.0,62.0,500.0,'relativeToSeaFloor',0,9);
INSERT INTO `poi` (_id,Name,Visited_Place,Longitude,Latitude,Altitude,Heading,Tilt,Range,Altitude_Mode,Hide,Category) VALUES (290,'Palacio de la Moneda','Palacio de la Moneda',-70.6539147260248,-33.442329815402,0.0,79.0,62.0,500.0,'relativeToSeaFloor',0,9);
INSERT INTO `poi` (_id,Name,Visited_Place,Longitude,Latitude,Altitude,Heading,Tilt,Range,Altitude_Mode,Hide,Category) VALUES (291,'Chicago. IL','Chicago. IL',-87.6490968164156,41.8761997885493,0.0,79.0,62.0,500.0,'relativeToSeaFloor',0,10);
INSERT INTO `poi` (_id,Name,Visited_Place,Longitude,Latitude,Altitude,Heading,Tilt,Range,Altitude_Mode,Hide,Category) VALUES (292,'Springfield. IL','Springfield. IL',-89.6510420551743,39.7867283533825,0.0,79.0,62.0,500.0,'relativeToSeaFloor',0,10);
INSERT INTO `poi` (_id,Name,Visited_Place,Longitude,Latitude,Altitude,Heading,Tilt,Range,Altitude_Mode,Hide,Category) VALUES (293,'Saint Louis. MO','Saint Louis. MO',-90.2119976153987,38.617834391648,0.0,79.0,62.0,500.0,'relativeToSeaFloor',0,10);
INSERT INTO `poi` (_id,Name,Visited_Place,Longitude,Latitude,Altitude,Heading,Tilt,Range,Altitude_Mode,Hide,Category) VALUES (294,'Rolla. MO','Rolla. MO',-91.7732678062364,37.9488305128012,0.0,79.0,62.0,500.0,'relativeToSeaFloor',0,10);
INSERT INTO `poi` (_id,Name,Visited_Place,Longitude,Latitude,Altitude,Heading,Tilt,Range,Altitude_Mode,Hide,Category) VALUES (295,'Springfield. MO','Springfield. MO',-93.3027088069394,37.2032044506746,0.0,79.0,62.0,500.0,'relativeToSeaFloor',0,10);
INSERT INTO `poi` (_id,Name,Visited_Place,Longitude,Latitude,Altitude,Heading,Tilt,Range,Altitude_Mode,Hide,Category) VALUES (296,'Tulsa. OK','Tulsa. OK',-95.9886325040641,36.1518663401077,0.0,79.0,62.0,500.0,'relativeToSeaFloor',0,10);
INSERT INTO `poi` (_id,Name,Visited_Place,Longitude,Latitude,Altitude,Heading,Tilt,Range,Altitude_Mode,Hide,Category) VALUES (297,'Clinton. OK','Clinton. OK',-98.9741801361503,35.5125174817395,0.0,79.0,62.0,500.0,'relativeToSeaFloor',0,10);
INSERT INTO `poi` (_id,Name,Visited_Place,Longitude,Latitude,Altitude,Heading,Tilt,Range,Altitude_Mode,Hide,Category) VALUES (298,'Amarillo. TX','Amarillo. TX',-101.850449023758,35.2033842238862,0.0,79.0,62.0,500.0,'relativeToSeaFloor',0,10);
INSERT INTO `poi` (_id,Name,Visited_Place,Longitude,Latitude,Altitude,Heading,Tilt,Range,Altitude_Mode,Hide,Category) VALUES (299,'Santa Fe. NM','Santa Fe. NM',-105.960227507735,35.6707263301363,0.0,79.0,62.0,500.0,'relativeToSeaFloor',0,10);
INSERT INTO `poi` (_id,Name,Visited_Place,Longitude,Latitude,Altitude,Heading,Tilt,Range,Altitude_Mode,Hide,Category) VALUES (300,'Gallup. NM','Gallup. NM',-108.735566774153,35.5263061654518,0.0,79.0,62.0,500.0,'relativeToSeaFloor',0,10);
INSERT INTO `poi` (_id,Name,Visited_Place,Longitude,Latitude,Altitude,Heading,Tilt,Range,Altitude_Mode,Hide,Category) VALUES (301,'Williams. AZ','Williams. AZ',-112.190742583364,35.2514409068167,0.0,79.0,62.0,500.0,'relativeToSeaFloor',0,10);
INSERT INTO `poi` (_id,Name,Visited_Place,Longitude,Latitude,Altitude,Heading,Tilt,Range,Altitude_Mode,Hide,Category) VALUES (302,'Kingman. AZ','Kingman. AZ',-114.035706205737,35.2011063521162,0.0,79.0,62.0,500.0,'relativeToSeaFloor',0,10);
INSERT INTO `poi` (_id,Name,Visited_Place,Longitude,Latitude,Altitude,Heading,Tilt,Range,Altitude_Mode,Hide,Category) VALUES (303,'Victorville. CA','Victorville. CA',-117.308927536152,34.5258872190914,0.0,79.0,62.0,500.0,'relativeToSeaFloor',0,10);
INSERT INTO `poi` (_id,Name,Visited_Place,Longitude,Latitude,Altitude,Heading,Tilt,Range,Altitude_Mode,Hide,Category) VALUES (304,'Los Angeles. CA','Los Angeles. CA',-118.307746417379,33.9479944801372,0.0,79.0,62.0,500.0,'relativeToSeaFloor',0,10);
INSERT INTO `poi` (_id,Name,Visited_Place,Longitude,Latitude,Altitude,Heading,Tilt,Range,Altitude_Mode,Hide,Category) VALUES (305,'Wembley Stadium','Wembley Stadium',-0.279558469469109,51.5559525322986,0.0,79.0,62.0,500.0,'relativeToSeaFloor',0,11);
INSERT INTO `poi` (_id,Name,Visited_Place,Longitude,Latitude,Altitude,Heading,Tilt,Range,Altitude_Mode,Hide,Category) VALUES (306,'Olimpic Stadium of Berlín','Olimpic Stadium of Berlín',13.2393780043838,52.5147302657445,0.0,79.0,62.0,500.0,'relativeToSeaFloor',0,11);
INSERT INTO `poi` (_id,Name,Visited_Place,Longitude,Latitude,Altitude,Heading,Tilt,Range,Altitude_Mode,Hide,Category) VALUES (307,'Allianz Arena','Allianz Arena',11.6246719735507,48.2189470660012,0.0,79.0,62.0,500.0,'relativeToSeaFloor',0,11);
INSERT INTO `poi` (_id,Name,Visited_Place,Longitude,Latitude,Altitude,Heading,Tilt,Range,Altitude_Mode,Hide,Category) VALUES (308,'San Siro Stadium','San Siro Stadium',9.12377764505844,45.4781847511147,0.0,79.0,62.0,500.0,'relativeToSeaFloor',0,11);
INSERT INTO `poi` (_id,Name,Visited_Place,Longitude,Latitude,Altitude,Heading,Tilt,Range,Altitude_Mode,Hide,Category) VALUES (309,'Camp Nou','Camp Nou',2.12273708893956,41.3809476662365,0.0,79.0,62.0,500.0,'relativeToSeaFloor',0,11);
INSERT INTO `poi` (_id,Name,Visited_Place,Longitude,Latitude,Altitude,Heading,Tilt,Range,Altitude_Mode,Hide,Category) VALUES (310,'Santiago Bernabéu Stadium','Santiago Bernabéu Stadium',-3.68833393935405,40.4531578148321,0.0,79.0,62.0,500.0,'relativeToSeaFloor',0,11);
INSERT INTO `poi` (_id,Name,Visited_Place,Longitude,Latitude,Altitude,Heading,Tilt,Range,Altitude_Mode,Hide,Category) VALUES (311,'Azadi Stadium','Azadi Stadium',51.2755893523086,35.7242666015618,0.0,79.0,62.0,500.0,'relativeToSeaFloor',0,11);
INSERT INTO `poi` (_id,Name,Visited_Place,Longitude,Latitude,Altitude,Heading,Tilt,Range,Altitude_Mode,Hide,Category) VALUES (312,'Soccer City Stadium','Soccer City Stadium',27.9826685280418,-26.2346608056138,0.0,79.0,62.0,500.0,'relativeToSeaFloor',0,11);
INSERT INTO `poi` (_id,Name,Visited_Place,Longitude,Latitude,Altitude,Heading,Tilt,Range,Altitude_Mode,Hide,Category) VALUES (313,'Salt Lake Stadium','Salt Lake Stadium',88.4088998475685,22.5691143770212,0.0,79.0,62.0,500.0,'relativeToSeaFloor',0,11);
INSERT INTO `poi` (_id,Name,Visited_Place,Longitude,Latitude,Altitude,Heading,Tilt,Range,Altitude_Mode,Hide,Category) VALUES (314,'National Bukit Jalil Stadium','National Bukit Jalil Stadium',101.691337788533,3.05461493245307,0.0,79.0,62.0,500.0,'relativeToSeaFloor',0,11);
INSERT INTO `poi` (_id,Name,Visited_Place,Longitude,Latitude,Altitude,Heading,Tilt,Range,Altitude_Mode,Hide,Category) VALUES (315,'Melbourne Cricket Ground','Melbourne Cricket Ground',144.983434261476,-37.8199745203079,0.0,79.0,62.0,500.0,'relativeToSeaFloor',0,11);
INSERT INTO `poi` (_id,Name,Visited_Place,Longitude,Latitude,Altitude,Heading,Tilt,Range,Altitude_Mode,Hide,Category) VALUES (316,'Rungrado May Day Stadium','Rungrado May Day Stadium',125.775221159363,39.0495182897114,0.0,79.0,62.0,500.0,'relativeToSeaFloor',0,11);
INSERT INTO `poi` (_id,Name,Visited_Place,Longitude,Latitude,Altitude,Heading,Tilt,Range,Altitude_Mode,Hide,Category) VALUES (317,'Azteca Stadium','Azteca Stadium',-99.1504708667568,19.3030513294635,0.0,79.0,62.0,500.0,'relativeToSeaFloor',0,11);
INSERT INTO `poi` (_id,Name,Visited_Place,Longitude,Latitude,Altitude,Heading,Tilt,Range,Altitude_Mode,Hide,Category) VALUES (318,'Maracanà Stadium','Maracanà Stadium',-43.230068069309,-22.9120681765832,0.0,79.0,62.0,500.0,'relativeToSeaFloor',0,11);
INSERT INTO `poi` (_id,Name,Visited_Place,Longitude,Latitude,Altitude,Heading,Tilt,Range,Altitude_Mode,Hide,Category) VALUES (319,'Parador de Cardona','Parador de Cardona',1.68576126194173,41.914032654754,0.0,79.0,62.0,500.0,'relativeToSeaFloor',0,12);
INSERT INTO `poi` (_id,Name,Visited_Place,Longitude,Latitude,Altitude,Heading,Tilt,Range,Altitude_Mode,Hide,Category) VALUES (320,'Parador de Gijón','Parador de Gijón',-5.64004095671718,43.5360573428335,0.0,79.0,62.0,500.0,'relativeToSeaFloor',0,12);
INSERT INTO `poi` (_id,Name,Visited_Place,Longitude,Latitude,Altitude,Heading,Tilt,Range,Altitude_Mode,Hide,Category) VALUES (321,'Parador de Ferrol','Parador de Ferrol',-8.23999409380713,43.4808043579499,0.0,79.0,62.0,500.0,'relativeToSeaFloor',0,12);
INSERT INTO `poi` (_id,Name,Visited_Place,Longitude,Latitude,Altitude,Heading,Tilt,Range,Altitude_Mode,Hide,Category) VALUES (322,'Parador de Baiona','Parador de Baiona',-8.85052190046986,42.1258236366991,0.0,79.0,62.0,500.0,'relativeToSeaFloor',0,12);
INSERT INTO `poi` (_id,Name,Visited_Place,Longitude,Latitude,Altitude,Heading,Tilt,Range,Altitude_Mode,Hide,Category) VALUES (323,'Parador de Salamanca','Parador de Salamanca',-5.67227439084194,40.9531686279978,0.0,79.0,62.0,500.0,'relativeToSeaFloor',0,12);
INSERT INTO `poi` (_id,Name,Visited_Place,Longitude,Latitude,Altitude,Heading,Tilt,Range,Altitude_Mode,Hide,Category) VALUES (324,'Parador de Sigüenza','Parador de Sigüenza',-2.64120273363766,41.0641536496521,0.0,79.0,62.0,500.0,'relativeToSeaFloor',0,12);
INSERT INTO `poi` (_id,Name,Visited_Place,Longitude,Latitude,Altitude,Heading,Tilt,Range,Altitude_Mode,Hide,Category) VALUES (325,'Parador de Alcalá de Henares','Parador de Alcalá de Henares',-3.36131275066589,40.4812344688548,0.0,79.0,62.0,500.0,'relativeToSeaFloor',0,12);
INSERT INTO `poi` (_id,Name,Visited_Place,Longitude,Latitude,Altitude,Heading,Tilt,Range,Altitude_Mode,Hide,Category) VALUES (326,'Parador de Toledo','Parador de Toledo',-4.02309707125473,39.8488675474476,0.0,79.0,62.0,500.0,'relativeToSeaFloor',0,12);
INSERT INTO `poi` (_id,Name,Visited_Place,Longitude,Latitude,Altitude,Heading,Tilt,Range,Altitude_Mode,Hide,Category) VALUES (327,'Parador de Alarcón','Parador de Alarcón',-2.08313698360624,39.5465238571963,0.0,79.0,62.0,500.0,'relativeToSeaFloor',0,12);
INSERT INTO `poi` (_id,Name,Visited_Place,Longitude,Latitude,Altitude,Heading,Tilt,Range,Altitude_Mode,Hide,Category) VALUES (328,'Parador de Jaén','Parador de Jaén',-3.80174093428423,37.7676590765174,0.0,79.0,62.0,500.0,'relativeToSeaFloor',0,12);
INSERT INTO `poi` (_id,Name,Visited_Place,Longitude,Latitude,Altitude,Heading,Tilt,Range,Altitude_Mode,Hide,Category) VALUES (329,'Parador de Còrdova','Parador de Còrdova',-4.80019717467133,37.9059425284533,0.0,79.0,62.0,500.0,'relativeToSeaFloor',0,12);
INSERT INTO `poi` (_id,Name,Visited_Place,Longitude,Latitude,Altitude,Heading,Tilt,Range,Altitude_Mode,Hide,Category) VALUES (330,'Parador de Carmona','Parador de Carmona',-5.63275121682534,37.4724331421229,0.0,79.0,62.0,500.0,'relativeToSeaFloor',0,12);
INSERT INTO `poi` (_id,Name,Visited_Place,Longitude,Latitude,Altitude,Heading,Tilt,Range,Altitude_Mode,Hide,Category) VALUES (331,'Parador de Màlaga Golf','Parador de Màlaga Golf',-4.47407582991064,36.6517646246369,0.0,79.0,62.0,500.0,'relativeToSeaFloor',0,12);
INSERT INTO `poi` (_id,Name,Visited_Place,Longitude,Latitude,Altitude,Heading,Tilt,Range,Altitude_Mode,Hide,Category) VALUES (332,'Londres-Heathrow Airport','Londres-Heathrow Airport',-0.461709710142857,51.4726167496922,0.0,79.0,62.0,500.0,'relativeToSeaFloor',0,13);
INSERT INTO `poi` (_id,Name,Visited_Place,Longitude,Latitude,Altitude,Heading,Tilt,Range,Altitude_Mode,Hide,Category) VALUES (333,'París-Charles de Gaulle Airport','París-Charles de Gaulle Airport',2.56069917991877,49.005033091757,0.0,79.0,62.0,500.0,'relativeToSeaFloor',0,13);
INSERT INTO `poi` (_id,Name,Visited_Place,Longitude,Latitude,Altitude,Heading,Tilt,Range,Altitude_Mode,Hide,Category) VALUES (334,'Madrid-Barajas Airport','Madrid-Barajas Airport',-3.57095594845659,40.4922170095219,0.0,79.0,62.0,500.0,'relativeToSeaFloor',0,13);
INSERT INTO `poi` (_id,Name,Visited_Place,Longitude,Latitude,Altitude,Heading,Tilt,Range,Altitude_Mode,Hide,Category) VALUES (335,'Barcelona-El Prat Airport','Barcelona-El Prat Airport',2.08126227463737,41.2976390249324,0.0,79.0,62.0,500.0,'relativeToSeaFloor',0,13);
INSERT INTO `poi` (_id,Name,Visited_Place,Longitude,Latitude,Altitude,Heading,Tilt,Range,Altitude_Mode,Hide,Category) VALUES (336,'Dubai International Airport','Dubai International Airport',55.365809299228,25.253693802477,0.0,79.0,62.0,500.0,'relativeToSeaFloor',0,13);
INSERT INTO `poi` (_id,Name,Visited_Place,Longitude,Latitude,Altitude,Heading,Tilt,Range,Altitude_Mode,Hide,Category) VALUES (337,'Yakarta International Airport','Yakarta International Airport',106.652907785607,-6.126705139848,0.0,79.0,62.0,500.0,'relativeToSeaFloor',0,13);
INSERT INTO `poi` (_id,Name,Visited_Place,Longitude,Latitude,Altitude,Heading,Tilt,Range,Altitude_Mode,Hide,Category) VALUES (338,'Pequín International Airport','Pequín International Airport',116.595332284491,40.0779364573608,0.0,79.0,62.0,500.0,'relativeToSeaFloor',0,13);
INSERT INTO `poi` (_id,Name,Visited_Place,Longitude,Latitude,Altitude,Heading,Tilt,Range,Altitude_Mode,Hide,Category) VALUES (339,'Tòquio International Airport','Tòquio International Airport',139.780783854276,35.5518336553538,0.0,79.0,62.0,500.0,'relativeToSeaFloor',0,13);
INSERT INTO `poi` (_id,Name,Visited_Place,Longitude,Latitude,Altitude,Heading,Tilt,Range,Altitude_Mode,Hide,Category) VALUES (340,'Los Angeles International Airport','Los Angeles International Airport',-118.414696424879,33.9424205868144,0.0,79.0,62.0,500.0,'relativeToSeaFloor',0,13);
INSERT INTO `poi` (_id,Name,Visited_Place,Longitude,Latitude,Altitude,Heading,Tilt,Range,Altitude_Mode,Hide,Category) VALUES (341,'Denver International Airport','Denver International Airport',-104.676170723757,39.8529076925771,0.0,79.0,62.0,500.0,'relativeToSeaFloor',0,13);
INSERT INTO `poi` (_id,Name,Visited_Place,Longitude,Latitude,Altitude,Heading,Tilt,Range,Altitude_Mode,Hide,Category) VALUES (342,'Dallas/Fort Worth International Airport','Dallas/Fort Worth International Airport',-97.0410988095211,32.893188608633,0.0,79.0,62.0,500.0,'relativeToSeaFloor',0,13);
INSERT INTO `poi` (_id,Name,Visited_Place,Longitude,Latitude,Altitude,Heading,Tilt,Range,Altitude_Mode,Hide,Category) VALUES (343,'Atlanta International Airport','Atlanta International Airport',-84.426370281661,33.6400611343693,0.0,79.0,62.0,500.0,'relativeToSeaFloor',0,13);
INSERT INTO `poi` (_id,Name,Visited_Place,Longitude,Latitude,Altitude,Heading,Tilt,Range,Altitude_Mode,Hide,Category) VALUES (344,'Chicago-O''Hare International Airport','Chicago-O''Hare International Airport',-87.9047198882751,41.9790422318419,0.0,79.0,62.0,500.0,'relativeToSeaFloor',0,13);
INSERT INTO `poi` (_id,Name,Visited_Place,Longitude,Latitude,Altitude,Heading,Tilt,Range,Altitude_Mode,Hide,Category) VALUES (345,'Tower Bridge','Tower Bridge',-0.0753527957325795,51.5055030707531,0.0,79.0,62.0,500.0,'relativeToSeaFloor',0,14);
INSERT INTO `poi` (_id,Name,Visited_Place,Longitude,Latitude,Altitude,Heading,Tilt,Range,Altitude_Mode,Hide,Category) VALUES (346,'Erasmus Bridge','Erasmus Bridge',4.4872046724097,51.9088172358517,0.0,79.0,62.0,500.0,'relativeToSeaFloor',0,14);
INSERT INTO `poi` (_id,Name,Visited_Place,Longitude,Latitude,Altitude,Heading,Tilt,Range,Altitude_Mode,Hide,Category) VALUES (347,'Millau Viaduct','Millau Viaduct',3.02204874859993,44.07987539457,0.0,79.0,62.0,500.0,'relativeToSeaFloor',0,14);
INSERT INTO `poi` (_id,Name,Visited_Place,Longitude,Latitude,Altitude,Heading,Tilt,Range,Altitude_Mode,Hide,Category) VALUES (348,'Viana Prince Bridge','Viana Prince Bridge',0.636232892104052,41.6174216321945,0.0,79.0,62.0,500.0,'relativeToSeaFloor',0,14);
INSERT INTO `poi` (_id,Name,Visited_Place,Longitude,Latitude,Altitude,Heading,Tilt,Range,Altitude_Mode,Hide,Category) VALUES (349,'Rialto Bridge','Rialto Bridge',12.3358279041999,45.4379728442602,0.0,79.0,62.0,500.0,'relativeToSeaFloor',0,14);
INSERT INTO `poi` (_id,Name,Visited_Place,Longitude,Latitude,Altitude,Heading,Tilt,Range,Altitude_Mode,Hide,Category) VALUES (350,'Chains Bridge','Chains Bridge',19.0436708661202,47.4989667571156,0.0,79.0,62.0,500.0,'relativeToSeaFloor',0,14);
INSERT INTO `poi` (_id,Name,Visited_Place,Longitude,Latitude,Altitude,Heading,Tilt,Range,Altitude_Mode,Hide,Category) VALUES (351,'Rio-Antírrio Bridge','Rio-Antírrio Bridge',21.7725169951282,38.3201991225105,0.0,79.0,62.0,500.0,'relativeToSeaFloor',0,14);
INSERT INTO `poi` (_id,Name,Visited_Place,Longitude,Latitude,Altitude,Heading,Tilt,Range,Altitude_Mode,Hide,Category) VALUES (352,'Bhumibol Bridge','Bhumibol Bridge',100.538953749951,13.6704159273237,0.0,79.0,62.0,500.0,'relativeToSeaFloor',0,14);
INSERT INTO `poi` (_id,Name,Visited_Place,Longitude,Latitude,Altitude,Heading,Tilt,Range,Altitude_Mode,Hide,Category) VALUES (353,'Chaotianmen Bridge','Chaotianmen Bridge',106.576846412142,29.5890499523836,0.0,79.0,62.0,500.0,'relativeToSeaFloor',0,14);
INSERT INTO `poi` (_id,Name,Visited_Place,Longitude,Latitude,Altitude,Heading,Tilt,Range,Altitude_Mode,Hide,Category) VALUES (354,'Sydney''s Port Bridge','Sydney''s Port Bridge',151.210903907773,-33.8524096327127,0.0,79.0,62.0,500.0,'relativeToSeaFloor',0,14);
INSERT INTO `poi` (_id,Name,Visited_Place,Longitude,Latitude,Altitude,Heading,Tilt,Range,Altitude_Mode,Hide,Category) VALUES (355,'Golden State Bridge','Golden State Bridge',-122.479956021389,37.81898024086,0.0,79.0,62.0,500.0,'relativeToSeaFloor',0,14);
INSERT INTO `poi` (_id,Name,Visited_Place,Longitude,Latitude,Altitude,Heading,Tilt,Range,Altitude_Mode,Hide,Category) VALUES (356,'Brooklyn Bridge','Brooklyn Bridge',-73.9962567584984,40.7058310300183,0.0,79.0,62.0,500.0,'relativeToSeaFloor',0,14);
INSERT INTO `poi` (_id,Name,Visited_Place,Longitude,Latitude,Altitude,Heading,Tilt,Range,Altitude_Mode,Hide,Category) VALUES (357,'Oliveira Bridge','Oliveira Bridge',-46.6989386227636,-23.6125975804309,0.0,79.0,62.0,500.0,'relativeToSeaFloor',0,14);
INSERT INTO `poi` (_id,Name,Visited_Place,Longitude,Latitude,Altitude,Heading,Tilt,Range,Altitude_Mode,Hide,Category) VALUES (399,'Westminster Abbey','Westminster Abbey',-0.12736,51.499404,0.0,49.0,62.0,374.0,'relativeToSeaFloor',0,1);
INSERT INTO `poi` (_id,Name,Visited_Place,Longitude,Latitude,Altitude,Heading,Tilt,Range,Altitude_Mode,Hide,Category) VALUES (400,'Eiffel Tower','Eiffel Tower',2.294456,48.858265,0.0,-45.0,71.0,1608.0,'relativeToSeaFloor',0,1);
INSERT INTO `poi` (_id,Name,Visited_Place,Longitude,Latitude,Altitude,Heading,Tilt,Range,Altitude_Mode,Hide,Category) VALUES (401,'Lisbon','Lisbon',-9.124701,38.714987,0.0,0.0,63.0,395.0,'relativeToSeaFloor',0,1);
INSERT INTO `poi` (_id,Name,Visited_Place,Longitude,Latitude,Altitude,Heading,Tilt,Range,Altitude_Mode,Hide,Category) VALUES (402,'Cologne Cathedral','Cologne Cathedral',6.957133,50.941395,0.0,131.0,61.0,508.0,'relativeToSeaFloor',0,1);
INSERT INTO `poi` (_id,Name,Visited_Place,Longitude,Latitude,Altitude,Heading,Tilt,Range,Altitude_Mode,Hide,Category) VALUES (403,'Hamburg','Hamburg',9.992159,53.545703,0.0,-8.0,63.0,765.0,'relativeToSeaFloor',0,1);
INSERT INTO `poi` (_id,Name,Visited_Place,Longitude,Latitude,Altitude,Heading,Tilt,Range,Altitude_Mode,Hide,Category) VALUES (404,'Il Duomo di Firenze','Il Duomo di Firenze',11.256318,43.773105,0.0,-47.0,57.0,443.0,'relativeToSeaFloor',0,1);
INSERT INTO `poi` (_id,Name,Visited_Place,Longitude,Latitude,Altitude,Heading,Tilt,Range,Altitude_Mode,Hide,Category) VALUES (405,'Vatican City','Vatican City',12.457264,41.902262,0.0,-138.0,65.0,898.0,'relativeToSeaFloor',0,1);
INSERT INTO `poi` (_id,Name,Visited_Place,Longitude,Latitude,Altitude,Heading,Tilt,Range,Altitude_Mode,Hide,Category) VALUES (406,'Statue of Liberty','Statue of Liberty',-74.04441,40.689138,0.0,-36.0,72.0,457.0,'relativeToSeaFloor',0,1);
INSERT INTO `poi` (_id,Name,Visited_Place,Longitude,Latitude,Altitude,Heading,Tilt,Range,Altitude_Mode,Hide,Category) VALUES (407,'Empire State Building','Empire State Building',-73.985303,40.74846,0.0,-147.0,62.0,1817.0,'relativeToSeaFloor',0,1);
INSERT INTO `poi` (_id,Name,Visited_Place,Longitude,Latitude,Altitude,Heading,Tilt,Range,Altitude_Mode,Hide,Category) VALUES (408,'MIT','MIT',-71.091685,42.359007,0.0,-24.0,58.0,568.0,'relativeToSeaFloor',0,1);
INSERT INTO `poi` (_id,Name,Visited_Place,Longitude,Latitude,Altitude,Heading,Tilt,Range,Altitude_Mode,Hide,Category) VALUES (409,'CN - Tower','CN - Tower',-79.384558,43.645856,0.0,23.0,70.0,1704.0,'relativeToSeaFloor',0,1);
INSERT INTO `poi` (_id,Name,Visited_Place,Longitude,Latitude,Altitude,Heading,Tilt,Range,Altitude_Mode,Hide,Category) VALUES (410,'Niagara Falls','Niagara Falls',-79.076586,43.078018,0.0,-62.0,64.0,1937.0,'relativeToSeaFloor',0,1);
INSERT INTO `poi` (_id,Name,Visited_Place,Longitude,Latitude,Altitude,Heading,Tilt,Range,Altitude_Mode,Hide,Category) VALUES (411,'Weisman Art Museum','Weisman Art Museum',-93.237101,44.973092,0.0,67.0,71.0,199.0,'relativeToSeaFloor',0,1);
INSERT INTO `poi` (_id,Name,Visited_Place,Longitude,Latitude,Altitude,Heading,Tilt,Range,Altitude_Mode,Hide,Category) VALUES (412,'Willis Tower','Willis Tower',-87.636265,41.878712,0.0,23.0,63.0,2116.0,'relativeToSeaFloor',0,1);
INSERT INTO `poi` (_id,Name,Visited_Place,Longitude,Latitude,Altitude,Heading,Tilt,Range,Altitude_Mode,Hide,Category) VALUES (413,'Denver Art Museum','Denver Art Museum',-104.989267,39.736343,0.0,47.0,59.0,294.0,'relativeToSeaFloor',0,1);
INSERT INTO `poi` (_id,Name,Visited_Place,Longitude,Latitude,Altitude,Heading,Tilt,Range,Altitude_Mode,Hide,Category) VALUES (414,'Grand Canyon','Grand Canyon',-111.907578,36.045739,0.0,-86.0,67.0,10984.0,'relativeToSeaFloor',0,1);
INSERT INTO `poi` (_id,Name,Visited_Place,Longitude,Latitude,Altitude,Heading,Tilt,Range,Altitude_Mode,Hide,Category) VALUES (415,'Space Needle','Space Needle',-122.349291,47.62053,0.0,151.0,69.0,975.0,'relativeToSeaFloor',0,1);
INSERT INTO `poi` (_id,Name,Visited_Place,Longitude,Latitude,Altitude,Heading,Tilt,Range,Altitude_Mode,Hide,Category) VALUES (416,'Golden Gate Bridge','Golden Gate Bridge',-122.478469,37.820118,0.0,135.0,76.0,2809.0,'relativeToSeaFloor',0,1);
INSERT INTO `poi` (_id,Name,Visited_Place,Longitude,Latitude,Altitude,Heading,Tilt,Range,Altitude_Mode,Hide,Category) VALUES (417,'Mexico City','Mexico City',-99.133261,19.432526,0.0,71.0,66.0,1360.0,'relativeToSeaFloor',0,1);
INSERT INTO `poi` (_id,Name,Visited_Place,Longitude,Latitude,Altitude,Heading,Tilt,Range,Altitude_Mode,Hide,Category) VALUES (418,'Christo Redentor','Christo Redentor',-43.210124,-22.951754,230.0,-85.0,66.0,810.0,'relativeToSeaFloor',0,1);
INSERT INTO `poi` (_id,Name,Visited_Place,Longitude,Latitude,Altitude,Heading,Tilt,Range,Altitude_Mode,Hide,Category) VALUES (419,'Okayama Castle','Okayama Castle',133.936087,34.665159,0.0,-148.355395459846,62,218.6394385625,'relativeToGround',0,1);
INSERT INTO `poi` (_id,Name,Visited_Place,Longitude,Latitude,Altitude,Heading,Tilt,Range,Altitude_Mode,Hide,Category) VALUES (420,'Taipei','Taipei',121.564522,25.033901,0.0,142.0,54.0,3250.0,'relativeToGround',0,1);
INSERT INTO `poi` (_id,Name,Visited_Place,Longitude,Latitude,Altitude,Heading,Tilt,Range,Altitude_Mode,Hide,Category) VALUES (421,'Shanghai World Financial Center','Shanghai World Financial Center',121.498128741135,31.2397149331515,0.0,-48.7818909343998,64.5628138518832,1695.11534015877,'relativeToGround',0,1);
INSERT INTO `poi` (_id,Name,Visited_Place,Longitude,Latitude,Altitude,Heading,Tilt,Range,Altitude_Mode,Hide,Category) VALUES (422,'Petrona Towers','Petrona Towers',101.711557,3.157973,0.0,-39.0,64.0,1688.0,'relativeToGround',0,1);
INSERT INTO `poi` (_id,Name,Visited_Place,Longitude,Latitude,Altitude,Heading,Tilt,Range,Altitude_Mode,Hide,Category) VALUES (423,'Forbidden City','Forbidden City',116.390672,39.916969,0.0,-3.0,70.0,1425.0,'relativeToSeaFloor',0,1);
INSERT INTO `poi` (_id,Name,Visited_Place,Longitude,Latitude,Altitude,Heading,Tilt,Range,Altitude_Mode,Hide,Category) VALUES (424,'Taj Mahal','Taj Mahal',78.042147,27.174902,0.0,-16.0,73.0,360.0,'relativeToGround',0,1);
INSERT INTO `poi` (_id,Name,Visited_Place,Longitude,Latitude,Altitude,Heading,Tilt,Range,Altitude_Mode,Hide,Category) VALUES (425,'Mount Everest','Mount Everest',86.925165,27.987697,0.0,-14.0,54.0,15046.0,'relativeToGround',0,1);
INSERT INTO `poi` (_id,Name,Visited_Place,Longitude,Latitude,Altitude,Heading,Tilt,Range,Altitude_Mode,Hide,Category) VALUES (426,'Hagia Sophia','Hagia Sophia',28.98037,41.008471,0.0,-105.0,68.0,410.0,'relativeToGround',0,1);
INSERT INTO `poi` (_id,Name,Visited_Place,Longitude,Latitude,Altitude,Heading,Tilt,Range,Altitude_Mode,Hide,Category) VALUES (427,'Heron Island','Heron Island',151.914701,-23.442358,0.0,-59.0,63.0,1250.0,'relativeToSeaFloor',0,1);
INSERT INTO `poi` (_id,Name,Visited_Place,Longitude,Latitude,Altitude,Heading,Tilt,Range,Altitude_Mode,Hide,Category) VALUES (428,'Apollo 11','Apollo 11',23.4602336883545,0.681869089603424,0.0,55.5602569580078,70.4445724487305,64.6057586669922,'relativeToSeaFloor',0,17);
INSERT INTO `poi` (_id,Name,Visited_Place,Longitude,Latitude,Altitude,Heading,Tilt,Range,Altitude_Mode,Hide,Category) VALUES (429,'Apollo 12','Apollo 12',-23.4617576599121,-3.02556896209717,0.0,136.237091064453,61.3595886230469,78.4158630371094,'relativeToSeaFloor',0,17);
INSERT INTO `poi` (_id,Name,Visited_Place,Longitude,Latitude,Altitude,Heading,Tilt,Range,Altitude_Mode,Hide,Category) VALUES (430,'Apollo 14','Apollo 14',-17.49489402771,-3.65164804458618,0.0,69.2600021362305,65.0739288330078,43.3923759460449,'relativeToSeaFloor',0,17);
INSERT INTO `poi` (_id,Name,Visited_Place,Longitude,Latitude,Altitude,Heading,Tilt,Range,Altitude_Mode,Hide,Category) VALUES (431,'Apollo 15','Apollo 15',3.50202226638794,26.0212955474854,0.0,-132.108459472656,69.4012069702148,8491.4365234375,'relativeToSeaFloor',0,17);
INSERT INTO `poi` (_id,Name,Visited_Place,Longitude,Latitude,Altitude,Heading,Tilt,Range,Altitude_Mode,Hide,Category) VALUES (432,'Apollo 16 From Rover','Apollo 16 From Rover',15.4746999740601,-8.99014568328857,0.0,-95.1373443603516,68.4039459228516,33.1901702880859,'relativeToSeaFloor',0,17);
INSERT INTO `poi` (_id,Name,Visited_Place,Longitude,Latitude,Altitude,Heading,Tilt,Range,Altitude_Mode,Hide,Category) VALUES (433,'Apollo 17','Apollo 17',30.7631530761719,20.1920528411865,0.0,-92.0952072143555,69.8876647949219,311.155944824219,'relativeToSeaFloor',0,17);
INSERT INTO `poi` (_id,Name,Visited_Place,Longitude,Latitude,Altitude,Heading,Tilt,Range,Altitude_Mode,Hide,Category) VALUES (434,'Surveyor 3','Surveyor 3',-23.4591922331966,-3.02743047763739,0.0,-54.418436125193,63.5847304633432,82.4760048370018,'relativeToSeaFloor',0,2);
INSERT INTO `poi` (_id,Name,Visited_Place,Longitude,Latitude,Altitude,Heading,Tilt,Range,Altitude_Mode,Hide,Category) VALUES (435,'Luna 17 + Lunakhod 1','Luna 17 + Lunakhod 1',-34.9983255035418,38.278915410334,0.0,128.246273559361,86.5700461816532,60.3846576951117,'relativeToSeaFloor',0,2);
INSERT INTO `poi` (_id,Name,Visited_Place,Longitude,Latitude,Altitude,Heading,Tilt,Range,Altitude_Mode,Hide,Category) VALUES (436,'Luna 21 + Lunakhod 2','Luna 21 + Lunakhod 2',30.6562428655222,25.8538023135424,0.0,-0.0725731380019089,0.0,15411.4048976863,'relativeToSeaFloor',0,2);
INSERT INTO `poi` (_id,Name,Visited_Place,Longitude,Latitude,Altitude,Heading,Tilt,Range,Altitude_Mode,Hide,Category) VALUES (437,'Luna 24','Luna 24',62.1999411888836,12.7504421445249,0.0,-1.52220311539284,79.711614172562,18.9105685256108,'relativeToSeaFloor',0,2);
INSERT INTO `poi` (_id,Name,Visited_Place,Longitude,Latitude,Altitude,Heading,Tilt,Range,Altitude_Mode,Hide,Category) VALUES (438,'Mare Moscoviense','Mare Moscoviense',148.32887694288,23.3408950235955,0.0,-173.723865132266,82.6576551030909,289612.07418336,'relativeToSeaFloor',0,2);
INSERT INTO `poi` (_id,Name,Visited_Place,Longitude,Latitude,Altitude,Heading,Tilt,Range,Altitude_Mode,Hide,Category) VALUES (439,'Tycho Crater','Tycho Crater',-10.8383855238043,-43.3056164044095,0.0,-17.307171340787,49.0581365393275,46288.7242890355,'relativeToSeaFloor',0,2);
INSERT INTO `poi` (_id,Name,Visited_Place,Longitude,Latitude,Altitude,Heading,Tilt,Range,Altitude_Mode,Hide,Category) VALUES (440,'LCROSS Impact Site','LCROSS Impact Site',-42.5181115370408,-84.9040957966228,0.0,1.51480125331895,48.3964999683305,75311.2248110708,'relativeToSeaFloor',0,2);
INSERT INTO `poi` (_id,Name,Visited_Place,Longitude,Latitude,Altitude,Heading,Tilt,Range,Altitude_Mode,Hide,Category) VALUES (441,'Mangrove Forest','Mangrove Forest',-91.86373298836202,18.52106283679075,10.41094381533852,-54.31631895884751,76.59342733665744,1250.0,'relativeToSeaFloor',0,1);



/******************************************************************TOUR POIS**************************************************************/
INSERT INTO `Tour_POIs` (_id,Tour,POI,POI_Order,POI_Duration) VALUES (1,1,59,1,15);
INSERT INTO `Tour_POIs` (_id,Tour,POI,POI_Order,POI_Duration) VALUES (2,1,60,2,15);
INSERT INTO `Tour_POIs` (_id,Tour,POI,POI_Order,POI_Duration) VALUES (3,1,61,3,15);
INSERT INTO `Tour_POIs` (_id,Tour,POI,POI_Order,POI_Duration) VALUES (4,1,62,4,15);
INSERT INTO `Tour_POIs` (_id,Tour,POI,POI_Order,POI_Duration) VALUES (5,1,63,5,15);
INSERT INTO `Tour_POIs` (_id,Tour,POI,POI_Order,POI_Duration) VALUES (6,1,64,6,15);
INSERT INTO `Tour_POIs` (_id,Tour,POI,POI_Order,POI_Duration) VALUES (7,1,65,7,15);
INSERT INTO `Tour_POIs` (_id,Tour,POI,POI_Order,POI_Duration) VALUES (8,1,66,8,15);
INSERT INTO `Tour_POIs` (_id,Tour,POI,POI_Order,POI_Duration) VALUES (9,1,67,9,15);
INSERT INTO `Tour_POIs` (_id,Tour,POI,POI_Order,POI_Duration) VALUES (10,1,68,10,15);
INSERT INTO `Tour_POIs` (_id,Tour,POI,POI_Order,POI_Duration) VALUES (11,1,69,11,15);
INSERT INTO `Tour_POIs` (_id,Tour,POI,POI_Order,POI_Duration) VALUES (12,1,70,12,15);
INSERT INTO `Tour_POIs` (_id,Tour,POI,POI_Order,POI_Duration) VALUES (13,1,71,13,15);
INSERT INTO `Tour_POIs` (_id,Tour,POI,POI_Order,POI_Duration) VALUES (14,1,72,14,15);
INSERT INTO `Tour_POIs` (_id,Tour,POI,POI_Order,POI_Duration) VALUES (15,1,73,15,15);
INSERT INTO `Tour_POIs` (_id,Tour,POI,POI_Order,POI_Duration) VALUES (16,1,74,16,15);
INSERT INTO `Tour_POIs` (_id,Tour,POI,POI_Order,POI_Duration) VALUES (17,1,75,17,15);
INSERT INTO `Tour_POIs` (_id,Tour,POI,POI_Order,POI_Duration) VALUES (18,1,76,19,15);
INSERT INTO `Tour_POIs` (_id,Tour,POI,POI_Order,POI_Duration) VALUES (19,1,77,20,15);
INSERT INTO `Tour_POIs` (_id,Tour,POI,POI_Order,POI_Duration) VALUES (20,1,78,21,15);
INSERT INTO `Tour_POIs` (_id,Tour,POI,POI_Order,POI_Duration) VALUES (21,1,79,22,15);
INSERT INTO `Tour_POIs` (_id,Tour,POI,POI_Order,POI_Duration) VALUES (22,1,80,23,15);
INSERT INTO `Tour_POIs` (_id,Tour,POI,POI_Order,POI_Duration) VALUES (23,2,81,1,10);
INSERT INTO `Tour_POIs` (_id,Tour,POI,POI_Order,POI_Duration) VALUES (24,2,82,2,10);
INSERT INTO `Tour_POIs` (_id,Tour,POI,POI_Order,POI_Duration) VALUES (25,2,83,3,10);
INSERT INTO `Tour_POIs` (_id,Tour,POI,POI_Order,POI_Duration) VALUES (26,2,84,4,10);
INSERT INTO `Tour_POIs` (_id,Tour,POI,POI_Order,POI_Duration) VALUES (27,2,85,5,10);
INSERT INTO `Tour_POIs` (_id,Tour,POI,POI_Order,POI_Duration) VALUES (28,2,86,6,10);
INSERT INTO `Tour_POIs` (_id,Tour,POI,POI_Order,POI_Duration) VALUES (29,2,87,7,10);
INSERT INTO `Tour_POIs` (_id,Tour,POI,POI_Order,POI_Duration) VALUES (30,2,88,8,10);
INSERT INTO `Tour_POIs` (_id,Tour,POI,POI_Order,POI_Duration) VALUES (31,2,89,9,10);
INSERT INTO `Tour_POIs` (_id,Tour,POI,POI_Order,POI_Duration) VALUES (32,2,90,10,10);
INSERT INTO `Tour_POIs` (_id,Tour,POI,POI_Order,POI_Duration) VALUES (33,2,91,11,10);
INSERT INTO `Tour_POIs` (_id,Tour,POI,POI_Order,POI_Duration) VALUES (34,2,92,12,10);
INSERT INTO `Tour_POIs` (_id,Tour,POI,POI_Order,POI_Duration) VALUES (35,2,93,13,10);
INSERT INTO `Tour_POIs` (_id,Tour,POI,POI_Order,POI_Duration) VALUES (36,2,94,14,10);
INSERT INTO `Tour_POIs` (_id,Tour,POI,POI_Order,POI_Duration) VALUES (37,2,95,15,10);
INSERT INTO `Tour_POIs` (_id,Tour,POI,POI_Order,POI_Duration) VALUES (38,2,96,16,10);
INSERT INTO `Tour_POIs` (_id,Tour,POI,POI_Order,POI_Duration) VALUES (39,2,97,17,10);
INSERT INTO `Tour_POIs` (_id,Tour,POI,POI_Order,POI_Duration) VALUES (40,2,98,18,10);
INSERT INTO `Tour_POIs` (_id,Tour,POI,POI_Order,POI_Duration) VALUES (41,2,99,19,10);
INSERT INTO `Tour_POIs` (_id,Tour,POI,POI_Order,POI_Duration) VALUES (42,2,100,20,10);
INSERT INTO `Tour_POIs` (_id,Tour,POI,POI_Order,POI_Duration) VALUES (43,2,101,21,10);
INSERT INTO `Tour_POIs` (_id,Tour,POI,POI_Order,POI_Duration) VALUES (44,2,102,22,10);
INSERT INTO `Tour_POIs` (_id,Tour,POI,POI_Order,POI_Duration) VALUES (45,2,103,23,10);
INSERT INTO `Tour_POIs` (_id,Tour,POI,POI_Order,POI_Duration) VALUES (46,2,104,24,10);
INSERT INTO `Tour_POIs` (_id,Tour,POI,POI_Order,POI_Duration) VALUES (47,3,105,1,15);
INSERT INTO `Tour_POIs` (_id,Tour,POI,POI_Order,POI_Duration) VALUES (48,3,106,2,15);
INSERT INTO `Tour_POIs` (_id,Tour,POI,POI_Order,POI_Duration) VALUES (49,3,107,3,15);
INSERT INTO `Tour_POIs` (_id,Tour,POI,POI_Order,POI_Duration) VALUES (50,3,108,4,15);
INSERT INTO `Tour_POIs` (_id,Tour,POI,POI_Order,POI_Duration) VALUES (51,3,109,5,15);
INSERT INTO `Tour_POIs` (_id,Tour,POI,POI_Order,POI_Duration) VALUES (52,3,110,6,15);
INSERT INTO `Tour_POIs` (_id,Tour,POI,POI_Order,POI_Duration) VALUES (53,3,111,7,15);
INSERT INTO `Tour_POIs` (_id,Tour,POI,POI_Order,POI_Duration) VALUES (54,3,112,8,15);
INSERT INTO `Tour_POIs` (_id,Tour,POI,POI_Order,POI_Duration) VALUES (55,3,113,9,15);
INSERT INTO `Tour_POIs` (_id,Tour,POI,POI_Order,POI_Duration) VALUES (56,3,114,10,15);
INSERT INTO `Tour_POIs` (_id,Tour,POI,POI_Order,POI_Duration) VALUES (57,3,115,11,15);
INSERT INTO `Tour_POIs` (_id,Tour,POI,POI_Order,POI_Duration) VALUES (58,3,116,12,15);
INSERT INTO `Tour_POIs` (_id,Tour,POI,POI_Order,POI_Duration) VALUES (59,3,117,13,15);
INSERT INTO `Tour_POIs` (_id,Tour,POI,POI_Order,POI_Duration) VALUES (60,3,118,14,15);
INSERT INTO `Tour_POIs` (_id,Tour,POI,POI_Order,POI_Duration) VALUES (61,3,119,15,15);
INSERT INTO `Tour_POIs` (_id,Tour,POI,POI_Order,POI_Duration) VALUES (62,3,120,16,15);
INSERT INTO `Tour_POIs` (_id,Tour,POI,POI_Order,POI_Duration) VALUES (63,3,121,17,15);
INSERT INTO `Tour_POIs` (_id,Tour,POI,POI_Order,POI_Duration) VALUES (64,3,122,18,15);
INSERT INTO `Tour_POIs` (_id,Tour,POI,POI_Order,POI_Duration) VALUES (65,3,123,19,15);
INSERT INTO `Tour_POIs` (_id,Tour,POI,POI_Order,POI_Duration) VALUES (66,3,124,20,15);
INSERT INTO `Tour_POIs` (_id,Tour,POI,POI_Order,POI_Duration) VALUES (67,3,125,21,15);
INSERT INTO `Tour_POIs` (_id,Tour,POI,POI_Order,POI_Duration) VALUES (68,3,126,22,15);
INSERT INTO `Tour_POIs` (_id,Tour,POI,POI_Order,POI_Duration) VALUES (69,3,127,23,15);
INSERT INTO `Tour_POIs` (_id,Tour,POI,POI_Order,POI_Duration) VALUES (70,3,128,24,15);
INSERT INTO `Tour_POIs` (_id,Tour,POI,POI_Order,POI_Duration) VALUES (71,3,129,25,15);
INSERT INTO `Tour_POIs` (_id,Tour,POI,POI_Order,POI_Duration) VALUES (72,3,130,26,15);
INSERT INTO `Tour_POIs` (_id,Tour,POI,POI_Order,POI_Duration) VALUES (73,3,131,27,15);
INSERT INTO `Tour_POIs` (_id,Tour,POI,POI_Order,POI_Duration) VALUES (74,3,132,28,15);
INSERT INTO `Tour_POIs` (_id,Tour,POI,POI_Order,POI_Duration) VALUES (75,3,133,29,15);
INSERT INTO `Tour_POIs` (_id,Tour,POI,POI_Order,POI_Duration) VALUES (76,3,134,30,15);
INSERT INTO `Tour_POIs` (_id,Tour,POI,POI_Order,POI_Duration) VALUES (77,3,135,31,15);
INSERT INTO `Tour_POIs` (_id,Tour,POI,POI_Order,POI_Duration) VALUES (78,3,136,32,15);
INSERT INTO `Tour_POIs` (_id,Tour,POI,POI_Order,POI_Duration) VALUES (79,3,137,33,15);
INSERT INTO `Tour_POIs` (_id,Tour,POI,POI_Order,POI_Duration) VALUES (80,3,138,34,15);
INSERT INTO `Tour_POIs` (_id,Tour,POI,POI_Order,POI_Duration) VALUES (81,3,139,35,15);
INSERT INTO `Tour_POIs` (_id,Tour,POI,POI_Order,POI_Duration) VALUES (82,3,140,36,15);
INSERT INTO `Tour_POIs` (_id,Tour,POI,POI_Order,POI_Duration) VALUES (83,3,141,37,15);
INSERT INTO `Tour_POIs` (_id,Tour,POI,POI_Order,POI_Duration) VALUES (84,3,142,38,15);
INSERT INTO `Tour_POIs` (_id,Tour,POI,POI_Order,POI_Duration) VALUES (85,3,143,39,15);
INSERT INTO `Tour_POIs` (_id,Tour,POI,POI_Order,POI_Duration) VALUES (86,3,144,40,15);
INSERT INTO `Tour_POIs` (_id,Tour,POI,POI_Order,POI_Duration) VALUES (87,3,145,41,15);
INSERT INTO `Tour_POIs` (_id,Tour,POI,POI_Order,POI_Duration) VALUES (88,3,146,42,15);
INSERT INTO `Tour_POIs` (_id,Tour,POI,POI_Order,POI_Duration) VALUES (89,3,147,43,15);
INSERT INTO `Tour_POIs` (_id,Tour,POI,POI_Order,POI_Duration) VALUES (90,3,148,44,15);
INSERT INTO `Tour_POIs` (_id,Tour,POI,POI_Order,POI_Duration) VALUES (91,3,149,45,15);
INSERT INTO `Tour_POIs` (_id,Tour,POI,POI_Order,POI_Duration) VALUES (92,3,150,46,15);
INSERT INTO `Tour_POIs` (_id,Tour,POI,POI_Order,POI_Duration) VALUES (93,3,151,47,15);
INSERT INTO `Tour_POIs` (_id,Tour,POI,POI_Order,POI_Duration) VALUES (94,3,152,48,15);
INSERT INTO `Tour_POIs` (_id,Tour,POI,POI_Order,POI_Duration) VALUES (95,3,153,49,15);
INSERT INTO `Tour_POIs` (_id,Tour,POI,POI_Order,POI_Duration) VALUES (96,3,154,50,15);
INSERT INTO `Tour_POIs` (_id,Tour,POI,POI_Order,POI_Duration) VALUES (97,3,155,51,15);
INSERT INTO `Tour_POIs` (_id,Tour,POI,POI_Order,POI_Duration) VALUES (98,3,156,52,15);
INSERT INTO `Tour_POIs` (_id,Tour,POI,POI_Order,POI_Duration) VALUES (99,3,157,53,15);
INSERT INTO `Tour_POIs` (_id,Tour,POI,POI_Order,POI_Duration) VALUES (100,3,158,54,15);
INSERT INTO `Tour_POIs` (_id,Tour,POI,POI_Order,POI_Duration) VALUES (101,3,159,55,15);
INSERT INTO `Tour_POIs` (_id,Tour,POI,POI_Order,POI_Duration) VALUES (102,3,160,56,15);
INSERT INTO `Tour_POIs` (_id,Tour,POI,POI_Order,POI_Duration) VALUES (103,3,161,57,15);
INSERT INTO `Tour_POIs` (_id,Tour,POI,POI_Order,POI_Duration) VALUES (104,3,162,58,15);
INSERT INTO `Tour_POIs` (_id,Tour,POI,POI_Order,POI_Duration) VALUES (105,3,163,59,15);
INSERT INTO `Tour_POIs` (_id,Tour,POI,POI_Order,POI_Duration) VALUES (106,3,164,60,15);
INSERT INTO `Tour_POIs` (_id,Tour,POI,POI_Order,POI_Duration) VALUES (107,3,165,61,15);
INSERT INTO `Tour_POIs` (_id,Tour,POI,POI_Order,POI_Duration) VALUES (108,3,166,62,15);
INSERT INTO `Tour_POIs` (_id,Tour,POI,POI_Order,POI_Duration) VALUES (109,3,167,63,15);
INSERT INTO `Tour_POIs` (_id,Tour,POI,POI_Order,POI_Duration) VALUES (110,3,168,64,15);
INSERT INTO `Tour_POIs` (_id,Tour,POI,POI_Order,POI_Duration) VALUES (111,3,169,65,15);
INSERT INTO `Tour_POIs` (_id,Tour,POI,POI_Order,POI_Duration) VALUES (112,3,170,66,15);
INSERT INTO `Tour_POIs` (_id,Tour,POI,POI_Order,POI_Duration) VALUES (113,3,171,67,15);
INSERT INTO `Tour_POIs` (_id,Tour,POI,POI_Order,POI_Duration) VALUES (114,3,172,68,15);
INSERT INTO `Tour_POIs` (_id,Tour,POI,POI_Order,POI_Duration) VALUES (115,3,173,69,15);
INSERT INTO `Tour_POIs` (_id,Tour,POI,POI_Order,POI_Duration) VALUES (116,3,174,70,15);
INSERT INTO `Tour_POIs` (_id,Tour,POI,POI_Order,POI_Duration) VALUES (117,3,175,71,15);
INSERT INTO `Tour_POIs` (_id,Tour,POI,POI_Order,POI_Duration) VALUES (118,3,176,72,15);
INSERT INTO `Tour_POIs` (_id,Tour,POI,POI_Order,POI_Duration) VALUES (119,3,177,73,15);
INSERT INTO `Tour_POIs` (_id,Tour,POI,POI_Order,POI_Duration) VALUES (120,3,178,74,15);
INSERT INTO `Tour_POIs` (_id,Tour,POI,POI_Order,POI_Duration) VALUES (121,3,179,75,15);
INSERT INTO `Tour_POIs` (_id,Tour,POI,POI_Order,POI_Duration) VALUES (122,3,180,76,15);
INSERT INTO `Tour_POIs` (_id,Tour,POI,POI_Order,POI_Duration) VALUES (123,3,181,77,15);
INSERT INTO `Tour_POIs` (_id,Tour,POI,POI_Order,POI_Duration) VALUES (124,3,182,78,15);
INSERT INTO `Tour_POIs` (_id,Tour,POI,POI_Order,POI_Duration) VALUES (125,3,183,79,15);
INSERT INTO `Tour_POIs` (_id,Tour,POI,POI_Order,POI_Duration) VALUES (126,3,184,80,15);
INSERT INTO `Tour_POIs` (_id,Tour,POI,POI_Order,POI_Duration) VALUES (127,3,185,81,15);
INSERT INTO `Tour_POIs` (_id,Tour,POI,POI_Order,POI_Duration) VALUES (128,3,186,82,15);
INSERT INTO `Tour_POIs` (_id,Tour,POI,POI_Order,POI_Duration) VALUES (129,3,187,83,15);
INSERT INTO `Tour_POIs` (_id,Tour,POI,POI_Order,POI_Duration) VALUES (130,3,188,84,15);
INSERT INTO `Tour_POIs` (_id,Tour,POI,POI_Order,POI_Duration) VALUES (131,3,189,85,15);
INSERT INTO `Tour_POIs` (_id,Tour,POI,POI_Order,POI_Duration) VALUES (132,3,190,86,15);
INSERT INTO `Tour_POIs` (_id,Tour,POI,POI_Order,POI_Duration) VALUES (133,3,191,87,15);
INSERT INTO `Tour_POIs` (_id,Tour,POI,POI_Order,POI_Duration) VALUES (134,3,192,88,15);
INSERT INTO `Tour_POIs` (_id,Tour,POI,POI_Order,POI_Duration) VALUES (135,3,193,89,15);
INSERT INTO `Tour_POIs` (_id,Tour,POI,POI_Order,POI_Duration) VALUES (136,3,194,90,15);
INSERT INTO `Tour_POIs` (_id,Tour,POI,POI_Order,POI_Duration) VALUES (137,3,195,91,15);
INSERT INTO `Tour_POIs` (_id,Tour,POI,POI_Order,POI_Duration) VALUES (138,3,196,92,15);
INSERT INTO `Tour_POIs` (_id,Tour,POI,POI_Order,POI_Duration) VALUES (139,3,197,93,15);
INSERT INTO `Tour_POIs` (_id,Tour,POI,POI_Order,POI_Duration) VALUES (140,3,198,94,15);
INSERT INTO `Tour_POIs` (_id,Tour,POI,POI_Order,POI_Duration) VALUES (141,3,199,95,15);
INSERT INTO `Tour_POIs` (_id,Tour,POI,POI_Order,POI_Duration) VALUES (142,3,200,96,15);
INSERT INTO `Tour_POIs` (_id,Tour,POI,POI_Order,POI_Duration) VALUES (143,3,201,97,15);
INSERT INTO `Tour_POIs` (_id,Tour,POI,POI_Order,POI_Duration) VALUES (144,3,202,98,15);
INSERT INTO `Tour_POIs` (_id,Tour,POI,POI_Order,POI_Duration) VALUES (145,3,203,99,15);
INSERT INTO `Tour_POIs` (_id,Tour,POI,POI_Order,POI_Duration) VALUES (146,3,204,100,15);
INSERT INTO `Tour_POIs` (_id,Tour,POI,POI_Order,POI_Duration) VALUES (147,3,205,101,15);
INSERT INTO `Tour_POIs` (_id,Tour,POI,POI_Order,POI_Duration) VALUES (148,3,206,102,15);
INSERT INTO `Tour_POIs` (_id,Tour,POI,POI_Order,POI_Duration) VALUES (149,3,207,103,15);
INSERT INTO `Tour_POIs` (_id,Tour,POI,POI_Order,POI_Duration) VALUES (150,3,208,104,15);
INSERT INTO `Tour_POIs` (_id,Tour,POI,POI_Order,POI_Duration) VALUES (151,3,209,105,15);
INSERT INTO `Tour_POIs` (_id,Tour,POI,POI_Order,POI_Duration) VALUES (152,3,210,106,15);
INSERT INTO `Tour_POIs` (_id,Tour,POI,POI_Order,POI_Duration) VALUES (153,3,211,107,15);
INSERT INTO `Tour_POIs` (_id,Tour,POI,POI_Order,POI_Duration) VALUES (154,3,212,108,15);
INSERT INTO `Tour_POIs` (_id,Tour,POI,POI_Order,POI_Duration) VALUES (155,3,213,109,15);
INSERT INTO `Tour_POIs` (_id,Tour,POI,POI_Order,POI_Duration) VALUES (156,3,214,110,15);
INSERT INTO `Tour_POIs` (_id,Tour,POI,POI_Order,POI_Duration) VALUES (157,3,215,111,15);
INSERT INTO `Tour_POIs` (_id,Tour,POI,POI_Order,POI_Duration) VALUES (158,3,216,112,15);
INSERT INTO `Tour_POIs` (_id,Tour,POI,POI_Order,POI_Duration) VALUES (159,3,217,113,15);
INSERT INTO `Tour_POIs` (_id,Tour,POI,POI_Order,POI_Duration) VALUES (160,3,218,114,15);
INSERT INTO `Tour_POIs` (_id,Tour,POI,POI_Order,POI_Duration) VALUES (161,3,219,115,15);
INSERT INTO `Tour_POIs` (_id,Tour,POI,POI_Order,POI_Duration) VALUES (162,3,220,116,15);
INSERT INTO `Tour_POIs` (_id,Tour,POI,POI_Order,POI_Duration) VALUES (163,3,221,117,15);
INSERT INTO `Tour_POIs` (_id,Tour,POI,POI_Order,POI_Duration) VALUES (164,3,222,118,15);
INSERT INTO `Tour_POIs` (_id,Tour,POI,POI_Order,POI_Duration) VALUES (165,3,223,119,15);
INSERT INTO `Tour_POIs` (_id,Tour,POI,POI_Order,POI_Duration) VALUES (166,3,224,120,15);
INSERT INTO `Tour_POIs` (_id,Tour,POI,POI_Order,POI_Duration) VALUES (167,3,225,121,15);
INSERT INTO `Tour_POIs` (_id,Tour,POI,POI_Order,POI_Duration) VALUES (168,3,226,122,15);
INSERT INTO `Tour_POIs` (_id,Tour,POI,POI_Order,POI_Duration) VALUES (169,3,227,123,15);
INSERT INTO `Tour_POIs` (_id,Tour,POI,POI_Order,POI_Duration) VALUES (170,3,228,124,15);
INSERT INTO `Tour_POIs` (_id,Tour,POI,POI_Order,POI_Duration) VALUES (171,3,229,125,15);
INSERT INTO `Tour_POIs` (_id,Tour,POI,POI_Order,POI_Duration) VALUES (172,3,230,126,15);
INSERT INTO `Tour_POIs` (_id,Tour,POI,POI_Order,POI_Duration) VALUES (173,3,231,127,15);
INSERT INTO `Tour_POIs` (_id,Tour,POI,POI_Order,POI_Duration) VALUES (174,3,232,128,15);
INSERT INTO `Tour_POIs` (_id,Tour,POI,POI_Order,POI_Duration) VALUES (175,3,233,129,15);
INSERT INTO `Tour_POIs` (_id,Tour,POI,POI_Order,POI_Duration) VALUES (176,3,234,130,15);
INSERT INTO `Tour_POIs` (_id,Tour,POI,POI_Order,POI_Duration) VALUES (177,3,235,131,15);
INSERT INTO `Tour_POIs` (_id,Tour,POI,POI_Order,POI_Duration) VALUES (178,3,236,132,15);
INSERT INTO `Tour_POIs` (_id,Tour,POI,POI_Order,POI_Duration) VALUES (179,3,237,133,15);
INSERT INTO `Tour_POIs` (_id,Tour,POI,POI_Order,POI_Duration) VALUES (180,3,238,134,15);
INSERT INTO `Tour_POIs` (_id,Tour,POI,POI_Order,POI_Duration) VALUES (181,3,239,135,15);
INSERT INTO `Tour_POIs` (_id,Tour,POI,POI_Order,POI_Duration) VALUES (182,3,240,136,15);
INSERT INTO `Tour_POIs` (_id,Tour,POI,POI_Order,POI_Duration) VALUES (183,3,241,137,15);
INSERT INTO `Tour_POIs` (_id,Tour,POI,POI_Order,POI_Duration) VALUES (184,3,242,138,15);
INSERT INTO `Tour_POIs` (_id,Tour,POI,POI_Order,POI_Duration) VALUES (185,3,243,139,15);
INSERT INTO `Tour_POIs` (_id,Tour,POI,POI_Order,POI_Duration) VALUES (186,3,244,140,15);
INSERT INTO `Tour_POIs` (_id,Tour,POI,POI_Order,POI_Duration) VALUES (187,3,245,141,15);
INSERT INTO `Tour_POIs` (_id,Tour,POI,POI_Order,POI_Duration) VALUES (188,3,246,142,15);
INSERT INTO `Tour_POIs` (_id,Tour,POI,POI_Order,POI_Duration) VALUES (189,3,247,143,15);
INSERT INTO `Tour_POIs` (_id,Tour,POI,POI_Order,POI_Duration) VALUES (190,3,248,144,15);
INSERT INTO `Tour_POIs` (_id,Tour,POI,POI_Order,POI_Duration) VALUES (191,3,249,145,15);
INSERT INTO `Tour_POIs` (_id,Tour,POI,POI_Order,POI_Duration) VALUES (192,3,250,146,15);
INSERT INTO `Tour_POIs` (_id,Tour,POI,POI_Order,POI_Duration) VALUES (193,3,251,147,15);
INSERT INTO `Tour_POIs` (_id,Tour,POI,POI_Order,POI_Duration) VALUES (194,3,252,148,15);
INSERT INTO `Tour_POIs` (_id,Tour,POI,POI_Order,POI_Duration) VALUES (195,3,253,149,15);
INSERT INTO `Tour_POIs` (_id,Tour,POI,POI_Order,POI_Duration) VALUES (196,3,254,150,15);
INSERT INTO `Tour_POIs` (_id,Tour,POI,POI_Order,POI_Duration) VALUES (197,3,255,152,15);
INSERT INTO `Tour_POIs` (_id,Tour,POI,POI_Order,POI_Duration) VALUES (198,3,256,153,15);
INSERT INTO `Tour_POIs` (_id,Tour,POI,POI_Order,POI_Duration) VALUES (199,3,257,154,15);
INSERT INTO `Tour_POIs` (_id,Tour,POI,POI_Order,POI_Duration) VALUES (200,3,258,155,15);
INSERT INTO `Tour_POIs` (_id,Tour,POI,POI_Order,POI_Duration) VALUES (201,3,259,156,15);
INSERT INTO `Tour_POIs` (_id,Tour,POI,POI_Order,POI_Duration) VALUES (202,3,260,157,15);
INSERT INTO `Tour_POIs` (_id,Tour,POI,POI_Order,POI_Duration) VALUES (203,3,261,158,15);
INSERT INTO `Tour_POIs` (_id,Tour,POI,POI_Order,POI_Duration) VALUES (204,3,262,159,15);
INSERT INTO `Tour_POIs` (_id,Tour,POI,POI_Order,POI_Duration) VALUES (205,3,263,160,15);
INSERT INTO `Tour_POIs` (_id,Tour,POI,POI_Order,POI_Duration) VALUES (206,3,264,161,15);
INSERT INTO `Tour_POIs` (_id,Tour,POI,POI_Order,POI_Duration) VALUES (207,3,265,162,15);
INSERT INTO `Tour_POIs` (_id,Tour,POI,POI_Order,POI_Duration) VALUES (208,5,266,1,15);
INSERT INTO `Tour_POIs` (_id,Tour,POI,POI_Order,POI_Duration) VALUES (209,5,267,2,15);
INSERT INTO `Tour_POIs` (_id,Tour,POI,POI_Order,POI_Duration) VALUES (210,5,268,3,15);
INSERT INTO `Tour_POIs` (_id,Tour,POI,POI_Order,POI_Duration) VALUES (211,5,269,4,15);
INSERT INTO `Tour_POIs` (_id,Tour,POI,POI_Order,POI_Duration) VALUES (212,5,270,5,15);
INSERT INTO `Tour_POIs` (_id,Tour,POI,POI_Order,POI_Duration) VALUES (213,5,271,6,15);
INSERT INTO `Tour_POIs` (_id,Tour,POI,POI_Order,POI_Duration) VALUES (214,5,272,7,15);
INSERT INTO `Tour_POIs` (_id,Tour,POI,POI_Order,POI_Duration) VALUES (215,5,273,8,15);
INSERT INTO `Tour_POIs` (_id,Tour,POI,POI_Order,POI_Duration) VALUES (216,5,274,9,15);
INSERT INTO `Tour_POIs` (_id,Tour,POI,POI_Order,POI_Duration) VALUES (217,5,275,10,15);
INSERT INTO `Tour_POIs` (_id,Tour,POI,POI_Order,POI_Duration) VALUES (218,5,276,11,15);
INSERT INTO `Tour_POIs` (_id,Tour,POI,POI_Order,POI_Duration) VALUES (219,5,277,12,15);
INSERT INTO `Tour_POIs` (_id,Tour,POI,POI_Order,POI_Duration) VALUES (220,5,278,13,15);
INSERT INTO `Tour_POIs` (_id,Tour,POI,POI_Order,POI_Duration) VALUES (221,9,279,1,15);
INSERT INTO `Tour_POIs` (_id,Tour,POI,POI_Order,POI_Duration) VALUES (222,9,280,2,15);
INSERT INTO `Tour_POIs` (_id,Tour,POI,POI_Order,POI_Duration) VALUES (223,9,281,3,15);
INSERT INTO `Tour_POIs` (_id,Tour,POI,POI_Order,POI_Duration) VALUES (224,9,282,4,15);
INSERT INTO `Tour_POIs` (_id,Tour,POI,POI_Order,POI_Duration) VALUES (225,9,283,5,15);
INSERT INTO `Tour_POIs` (_id,Tour,POI,POI_Order,POI_Duration) VALUES (226,9,284,6,15);
INSERT INTO `Tour_POIs` (_id,Tour,POI,POI_Order,POI_Duration) VALUES (227,9,285,7,15);
INSERT INTO `Tour_POIs` (_id,Tour,POI,POI_Order,POI_Duration) VALUES (228,9,286,8,15);
INSERT INTO `Tour_POIs` (_id,Tour,POI,POI_Order,POI_Duration) VALUES (229,9,287,9,15);
INSERT INTO `Tour_POIs` (_id,Tour,POI,POI_Order,POI_Duration) VALUES (230,9,288,10,15);
INSERT INTO `Tour_POIs` (_id,Tour,POI,POI_Order,POI_Duration) VALUES (231,9,289,11,15);
INSERT INTO `Tour_POIs` (_id,Tour,POI,POI_Order,POI_Duration) VALUES (232,9,290,12,15);
INSERT INTO `Tour_POIs` (_id,Tour,POI,POI_Order,POI_Duration) VALUES (233,10,291,1,15);
INSERT INTO `Tour_POIs` (_id,Tour,POI,POI_Order,POI_Duration) VALUES (234,10,292,2,15);
INSERT INTO `Tour_POIs` (_id,Tour,POI,POI_Order,POI_Duration) VALUES (235,10,293,3,15);
INSERT INTO `Tour_POIs` (_id,Tour,POI,POI_Order,POI_Duration) VALUES (236,10,294,4,15);
INSERT INTO `Tour_POIs` (_id,Tour,POI,POI_Order,POI_Duration) VALUES (237,10,295,5,15);
INSERT INTO `Tour_POIs` (_id,Tour,POI,POI_Order,POI_Duration) VALUES (238,10,296,6,15);
INSERT INTO `Tour_POIs` (_id,Tour,POI,POI_Order,POI_Duration) VALUES (239,10,297,7,15);
INSERT INTO `Tour_POIs` (_id,Tour,POI,POI_Order,POI_Duration) VALUES (240,10,298,8,15);
INSERT INTO `Tour_POIs` (_id,Tour,POI,POI_Order,POI_Duration) VALUES (241,10,299,9,15);
INSERT INTO `Tour_POIs` (_id,Tour,POI,POI_Order,POI_Duration) VALUES (242,10,300,10,15);
INSERT INTO `Tour_POIs` (_id,Tour,POI,POI_Order,POI_Duration) VALUES (243,10,301,11,15);
INSERT INTO `Tour_POIs` (_id,Tour,POI,POI_Order,POI_Duration) VALUES (244,10,302,12,15);
INSERT INTO `Tour_POIs` (_id,Tour,POI,POI_Order,POI_Duration) VALUES (245,10,303,13,15);
INSERT INTO `Tour_POIs` (_id,Tour,POI,POI_Order,POI_Duration) VALUES (246,10,304,14,15);
INSERT INTO `Tour_POIs` (_id,Tour,POI,POI_Order,POI_Duration) VALUES (247,11,305,1,15);
INSERT INTO `Tour_POIs` (_id,Tour,POI,POI_Order,POI_Duration) VALUES (248,11,306,2,15);
INSERT INTO `Tour_POIs` (_id,Tour,POI,POI_Order,POI_Duration) VALUES (249,11,307,3,15);
INSERT INTO `Tour_POIs` (_id,Tour,POI,POI_Order,POI_Duration) VALUES (250,11,308,4,15);
INSERT INTO `Tour_POIs` (_id,Tour,POI,POI_Order,POI_Duration) VALUES (251,11,309,5,15);
INSERT INTO `Tour_POIs` (_id,Tour,POI,POI_Order,POI_Duration) VALUES (252,11,310,6,15);
INSERT INTO `Tour_POIs` (_id,Tour,POI,POI_Order,POI_Duration) VALUES (253,11,311,7,15);
INSERT INTO `Tour_POIs` (_id,Tour,POI,POI_Order,POI_Duration) VALUES (254,11,312,8,15);
INSERT INTO `Tour_POIs` (_id,Tour,POI,POI_Order,POI_Duration) VALUES (255,11,313,9,15);
INSERT INTO `Tour_POIs` (_id,Tour,POI,POI_Order,POI_Duration) VALUES (256,11,314,10,15);
INSERT INTO `Tour_POIs` (_id,Tour,POI,POI_Order,POI_Duration) VALUES (257,11,315,11,15);
INSERT INTO `Tour_POIs` (_id,Tour,POI,POI_Order,POI_Duration) VALUES (258,11,316,12,15);
INSERT INTO `Tour_POIs` (_id,Tour,POI,POI_Order,POI_Duration) VALUES (259,11,317,13,15);
INSERT INTO `Tour_POIs` (_id,Tour,POI,POI_Order,POI_Duration) VALUES (260,11,318,14,15);
INSERT INTO `Tour_POIs` (_id,Tour,POI,POI_Order,POI_Duration) VALUES (261,13,319,1,15);
INSERT INTO `Tour_POIs` (_id,Tour,POI,POI_Order,POI_Duration) VALUES (262,13,320,2,15);
INSERT INTO `Tour_POIs` (_id,Tour,POI,POI_Order,POI_Duration) VALUES (263,13,321,3,15);
INSERT INTO `Tour_POIs` (_id,Tour,POI,POI_Order,POI_Duration) VALUES (264,13,322,4,15);
INSERT INTO `Tour_POIs` (_id,Tour,POI,POI_Order,POI_Duration) VALUES (265,13,323,5,15);
INSERT INTO `Tour_POIs` (_id,Tour,POI,POI_Order,POI_Duration) VALUES (266,13,324,6,15);
INSERT INTO `Tour_POIs` (_id,Tour,POI,POI_Order,POI_Duration) VALUES (267,13,325,7,15);
INSERT INTO `Tour_POIs` (_id,Tour,POI,POI_Order,POI_Duration) VALUES (268,13,326,8,15);
INSERT INTO `Tour_POIs` (_id,Tour,POI,POI_Order,POI_Duration) VALUES (269,13,327,9,15);
INSERT INTO `Tour_POIs` (_id,Tour,POI,POI_Order,POI_Duration) VALUES (270,13,328,10,15);
INSERT INTO `Tour_POIs` (_id,Tour,POI,POI_Order,POI_Duration) VALUES (271,13,329,11,15);
INSERT INTO `Tour_POIs` (_id,Tour,POI,POI_Order,POI_Duration) VALUES (272,13,330,12,15);
INSERT INTO `Tour_POIs` (_id,Tour,POI,POI_Order,POI_Duration) VALUES (273,13,331,13,15);
INSERT INTO `Tour_POIs` (_id,Tour,POI,POI_Order,POI_Duration) VALUES (274,14,332,1,15);
INSERT INTO `Tour_POIs` (_id,Tour,POI,POI_Order,POI_Duration) VALUES (275,14,333,2,15);
INSERT INTO `Tour_POIs` (_id,Tour,POI,POI_Order,POI_Duration) VALUES (276,14,334,3,15);
INSERT INTO `Tour_POIs` (_id,Tour,POI,POI_Order,POI_Duration) VALUES (277,14,335,4,15);
INSERT INTO `Tour_POIs` (_id,Tour,POI,POI_Order,POI_Duration) VALUES (278,14,336,5,15);
INSERT INTO `Tour_POIs` (_id,Tour,POI,POI_Order,POI_Duration) VALUES (279,14,337,6,15);
INSERT INTO `Tour_POIs` (_id,Tour,POI,POI_Order,POI_Duration) VALUES (280,14,338,7,15);
INSERT INTO `Tour_POIs` (_id,Tour,POI,POI_Order,POI_Duration) VALUES (281,14,339,8,15);
INSERT INTO `Tour_POIs` (_id,Tour,POI,POI_Order,POI_Duration) VALUES (282,14,340,9,15);
INSERT INTO `Tour_POIs` (_id,Tour,POI,POI_Order,POI_Duration) VALUES (283,14,341,10,15);
INSERT INTO `Tour_POIs` (_id,Tour,POI,POI_Order,POI_Duration) VALUES (284,14,342,11,15);
INSERT INTO `Tour_POIs` (_id,Tour,POI,POI_Order,POI_Duration) VALUES (285,14,343,12,15);
INSERT INTO `Tour_POIs` (_id,Tour,POI,POI_Order,POI_Duration) VALUES (286,14,344,13,15);
INSERT INTO `Tour_POIs` (_id,Tour,POI,POI_Order,POI_Duration) VALUES (287,15,345,1,15);
INSERT INTO `Tour_POIs` (_id,Tour,POI,POI_Order,POI_Duration) VALUES (288,15,346,2,15);
INSERT INTO `Tour_POIs` (_id,Tour,POI,POI_Order,POI_Duration) VALUES (289,15,347,3,15);
INSERT INTO `Tour_POIs` (_id,Tour,POI,POI_Order,POI_Duration) VALUES (290,15,348,4,15);
INSERT INTO `Tour_POIs` (_id,Tour,POI,POI_Order,POI_Duration) VALUES (291,15,349,5,15);
INSERT INTO `Tour_POIs` (_id,Tour,POI,POI_Order,POI_Duration) VALUES (292,15,350,6,15);
INSERT INTO `Tour_POIs` (_id,Tour,POI,POI_Order,POI_Duration) VALUES (293,15,351,7,15);
INSERT INTO `Tour_POIs` (_id,Tour,POI,POI_Order,POI_Duration) VALUES (294,15,352,8,15);
INSERT INTO `Tour_POIs` (_id,Tour,POI,POI_Order,POI_Duration) VALUES (295,15,353,9,15);
INSERT INTO `Tour_POIs` (_id,Tour,POI,POI_Order,POI_Duration) VALUES (296,15,354,10,15);
INSERT INTO `Tour_POIs` (_id,Tour,POI,POI_Order,POI_Duration) VALUES (297,15,355,11,15);
INSERT INTO `Tour_POIs` (_id,Tour,POI,POI_Order,POI_Duration) VALUES (298,15,356,12,15);
INSERT INTO `Tour_POIs` (_id,Tour,POI,POI_Order,POI_Duration) VALUES (299,15,357,13,15);

